Time,Event,Severity,Source,Destination,Confidence
12:44:53,NEW_THREAT,Low,192.168.0.127,45.140.147.90,0.09
12:44:53,NEW_THREAT,Low,192.168.0.127,45.140.147.90,0.09
12:44:54,NEW_THREAT,Low,192.168.0.127,45.140.147.90,0.09
12:44:54,NEW_THREAT,Low,52.182.143.211,192.168.0.127,0.09
12:44:55,NEW_THREAT,Low,192.168.0.127,45.140.147.90,0.09
12:44:55,NEW_THREAT,Low,192.168.0.127,45.140.147.90,0.09
12:44:56,NEW_THREAT,Low,45.140.147.90,192.168.0.127,0.09
12:44:56,NEW_THREAT,Low,192.168.0.127,45.140.147.90,0.09
12:44:57,NEW_THREAT,Low,192.168.0.127,45.140.147.90,0.09
12:44:57,NEW_THREAT,Low,192.168.0.127,172.211.123.249,0.09
12:44:58,NEW_THREAT,Low,192.168.0.127,45.140.147.90,0.09
12:44:58,NEW_THREAT,Low,45.140.147.90,192.168.0.127,0.09
12:44:58,NEW_THREAT,Low,192.168.0.127,45.140.147.90,0.09
12:44:59,NEW_THREAT,Low,45.140.147.90,192.168.0.127,0.09
12:44:59,NEW_THREAT,Low,192.168.0.127,45.140.147.90,0.09
12:45:00,NEW_THREAT,Low,45.140.147.90,192.168.0.127,0.09
12:45:00,NEW_THREAT,Low,45.140.147.90,192.168.0.127,0.09
12:45:00,NEW_THREAT,Low,192.168.0.127,45.140.147.90,0.09
12:45:00,NEW_THREAT,Low,192.168.0.127,192.168.0.255,0.09
12:45:01,NEW_THREAT,Low,45.140.147.90,192.168.0.127,0.09
12:45:01,NEW_THREAT,Low,192.168.0.127,45.140.147.90,0.09
12:45:01,NEW_THREAT,Low,192.168.0.127,192.168.0.255,0.09
12:45:02,NEW_THREAT,Low,45.140.147.90,192.168.0.127,0.09
12:45:02,NEW_THREAT,Low,192.168.0.127,192.168.0.255,0.09
12:45:02,NEW_THREAT,Low,192.168.0.127,45.140.147.90,0.09
12:45:03,NEW_THREAT,Low,45.140.147.90,192.168.0.127,0.09
12:45:03,NEW_THREAT,Low,192.168.0.127,45.140.147.90,0.09
12:45:04,NEW_THREAT,Low,192.168.0.127,45.140.147.90,0.09
12:45:04,NEW_THREAT,Low,45.140.147.90,192.168.0.127,0.09
12:45:04,NEW_THREAT,Low,192.168.0.127,45.140.147.90,0.09
12:45:04,NEW_THREAT,Low,192.168.0.127,20.250.119.64,0.09
12:45:05,NEW_THREAT,Low,192.168.0.127,140.82.114.22,0.09
12:45:05,NEW_THREAT,Low,192.168.0.127,140.82.114.22,0.09
12:45:05,NEW_THREAT,Low,192.168.0.127,45.140.147.90,0.09
12:45:05,NEW_THREAT,Low,192.168.0.127,45.140.147.90,0.09
12:45:05,NEW_THREAT,Low,140.82.114.22,192.168.0.127,0.09
12:45:05,NEW_THREAT,Low,192.168.0.127,140.82.114.22,0.09
12:45:05,NEW_THREAT,Low,140.82.114.22,192.168.0.127,0.09
12:45:06,NEW_THREAT,Low,45.140.147.90,192.168.0.127,0.09
12:45:06,NEW_THREAT,Low,192.168.0.127,45.140.147.90,0.09
12:45:06,NEW_THREAT,Low,192.168.0.127,104.208.16.90,0.09
12:45:07,NEW_THREAT,Low,192.168.0.127,104.208.16.90,0.09
12:45:07,NEW_THREAT,Low,192.168.0.127,45.140.147.90,0.09
12:45:07,NEW_THREAT,Low,192.168.0.127,104.208.16.90,0.09
12:45:07,NEW_THREAT,Low,104.208.16.90,192.168.0.127,0.09
12:45:07,NEW_THREAT,Low,192.168.0.127,104.208.16.90,0.09
12:45:07,NEW_THREAT,Low,104.208.16.90,192.168.0.127,0.09
12:45:08,NEW_THREAT,Low,45.140.147.90,192.168.0.127,0.09
12:45:08,NEW_THREAT,Low,192.168.0.127,216.58.209.14,0.09
12:45:08,NEW_THREAT,Low,192.168.0.127,45.140.147.90,0.09
12:45:09,NEW_THREAT,Low,45.140.147.90,192.168.0.127,0.09
12:45:09,NEW_THREAT,Low,192.168.0.127,45.140.147.90,0.09
12:45:10,NEW_THREAT,Low,45.140.147.90,192.168.0.127,0.09
12:45:10,NEW_THREAT,Low,192.168.0.127,140.82.113.21,0.09
12:45:11,NEW_THREAT,Low,192.168.0.127,45.140.147.90,0.09
12:45:11,NEW_THREAT,Low,45.140.147.90,192.168.0.127,0.09
12:45:11,NEW_THREAT,Low,192.168.0.127,45.140.147.90,0.09
12:45:12,NEW_THREAT,Low,192.168.0.127,45.140.147.90,0.09
12:45:12,NEW_THREAT,Low,192.168.0.127,45.140.147.90,0.09
12:45:13,NEW_THREAT,Low,45.140.147.90,192.168.0.127,0.09
12:45:13,NEW_THREAT,Low,192.168.0.127,45.140.147.90,0.09
12:45:14,NEW_THREAT,Low,192.168.0.127,45.140.147.90,0.09
12:45:14,NEW_THREAT,Low,45.140.147.90,192.168.0.127,0.09
12:45:14,NEW_THREAT,Low,192.168.0.127,45.140.147.90,0.09
12:45:15,NEW_THREAT,Low,192.168.0.127,45.140.147.90,0.09
12:45:15,NEW_THREAT,Low,192.168.0.127,45.140.147.90,0.09
12:45:16,NEW_THREAT,Low,45.140.147.90,192.168.0.127,0.09
12:45:16,NEW_THREAT,Low,192.168.0.127,45.140.147.90,0.09
12:45:16,NEW_THREAT,Low,192.168.0.127,172.211.123.250,0.09
12:45:17,NEW_THREAT,Low,192.168.0.127,45.140.147.90,0.09
12:45:17,NEW_THREAT,Low,192.168.0.127,45.140.147.90,0.09
12:45:18,NEW_THREAT,Low,45.140.147.90,192.168.0.127,0.09
12:45:18,NEW_THREAT,Low,192.168.0.127,45.140.147.90,0.09
12:45:19,NEW_THREAT,Low,45.140.147.90,192.168.0.127,0.09
12:45:19,NEW_THREAT,Low,192.168.0.127,45.140.147.90,0.09
12:45:20,NEW_THREAT,Low,192.168.0.127,45.140.147.90,0.09
12:45:20,NEW_THREAT,Low,45.140.147.90,192.168.0.127,0.09
12:45:20,NEW_THREAT,Low,192.168.0.127,45.140.147.90,0.09
12:45:21,NEW_THREAT,Low,192.168.0.127,45.140.147.90,0.09
12:45:21,NEW_THREAT,Low,192.168.0.127,45.140.147.90,0.09
12:45:22,NEW_THREAT,Low,192.168.0.127,45.140.147.90,0.09
12:45:22,NEW_THREAT,Low,45.140.147.90,192.168.0.127,0.09
12:45:22,NEW_THREAT,Low,192.168.0.127,45.140.147.90,0.09
12:45:22,NEW_THREAT,Low,34.107.243.93,192.168.0.127,0.09
12:45:22,NEW_THREAT,Low,192.168.0.127,216.58.209.14,0.09
12:45:22,NEW_THREAT,Low,216.58.209.14,192.168.0.127,0.09
12:45:23,NEW_THREAT,Low,45.140.147.90,192.168.0.127,0.09
12:45:23,NEW_THREAT,Low,45.140.147.90,192.168.0.127,0.09
12:45:23,NEW_THREAT,Low,192.168.0.127,45.140.147.90,0.09
12:45:24,NEW_THREAT,Low,192.168.0.127,45.140.147.90,0.09
12:45:24,NEW_THREAT,Low,45.140.147.90,192.168.0.127,0.09
12:45:24,NEW_THREAT,Low,192.168.0.127,52.182.143.211,0.09
12:45:25,NEW_THREAT,Low,192.168.0.230,224.0.0.251,0.09
12:45:25,NEW_THREAT,Low,45.140.147.90,192.168.0.127,0.09
12:45:25,NEW_THREAT,Low,192.168.0.127,45.140.147.90,0.09
12:45:25,NEW_THREAT,Low,192.168.0.230,224.0.0.251,0.09
12:45:25,NEW_THREAT,Low,192.168.0.230,224.0.0.251,0.09
12:45:26,NEW_THREAT,Low,192.168.0.230,224.0.0.251,0.09
12:45:26,NEW_THREAT,Low,45.140.147.90,192.168.0.127,0.09
12:45:26,NEW_THREAT,Low,192.168.0.127,45.140.147.90,0.09
12:45:27,NEW_THREAT,Low,192.168.0.230,224.0.0.251,0.09
12:45:27,NEW_THREAT,Low,192.168.0.127,45.140.147.90,0.09
12:45:28,NEW_THREAT,Low,45.140.147.90,192.168.0.127,0.09
12:45:28,NEW_THREAT,Low,192.168.0.127,45.140.147.90,0.09
12:45:29,NEW_THREAT,Low,192.168.0.230,224.0.0.251,0.09
12:45:29,NEW_THREAT,Low,45.140.147.90,192.168.0.127,0.09
12:45:30,NEW_THREAT,Low,192.168.0.127,45.140.147.90,0.09
12:45:31,NEW_THREAT,Low,45.140.147.90,192.168.0.127,0.09
12:45:32,NEW_THREAT,Low,192.168.0.127,45.140.147.90,0.09
12:45:32,NEW_THREAT,Low,45.140.147.90,192.168.0.127,0.09
12:45:33,NEW_THREAT,Low,192.168.0.230,224.0.0.251,0.09
12:45:33,NEW_THREAT,Low,192.168.0.127,45.140.147.90,0.09
12:45:33,NEW_THREAT,Low,192.168.0.127,45.140.147.90,0.09
12:45:34,NEW_THREAT,Low,45.140.147.90,192.168.0.127,0.09
12:45:34,NEW_THREAT,Low,192.168.0.127,45.140.147.90,0.09
12:45:35,NEW_THREAT,Low,45.140.147.90,192.168.0.127,0.09
12:45:35,NEW_THREAT,Low,0.0.0.0,224.0.0.1,0.09
12:45:36,NEW_THREAT,Low,45.140.147.90,192.168.0.127,0.09
12:45:36,NEW_THREAT,Low,192.168.0.127,45.140.147.90,0.09
12:45:37,NEW_THREAT,Low,192.168.0.127,45.140.147.90,0.09
12:45:37,NEW_THREAT,Low,192.168.0.127,45.140.147.90,0.09
12:45:38,NEW_THREAT,Low,216.58.209.14,192.168.0.127,0.09
12:45:38,NEW_THREAT,Low,45.140.147.90,192.168.0.127,0.09
12:45:38,NEW_THREAT,Low,192.168.0.127,45.140.147.90,0.09
12:45:39,NEW_THREAT,Low,192.168.0.127,52.182.143.211,0.09
12:45:39,NEW_THREAT,Low,52.182.143.211,192.168.0.127,0.09
12:45:39,NEW_THREAT,Low,192.168.0.1,224.0.0.22,0.09
12:45:39,NEW_THREAT,Low,192.168.0.127,45.140.147.90,0.09
12:45:39,NEW_THREAT,Low,192.168.0.127,45.140.147.90,0.09
12:45:40,NEW_THREAT,Low,45.140.147.90,192.168.0.127,0.09
12:45:40,NEW_THREAT,Low,192.168.0.127,224.0.0.22,0.09
12:45:41,NEW_THREAT,Low,192.168.0.230,224.0.0.251,0.09
12:45:41,NEW_THREAT,Low,45.140.147.90,192.168.0.127,0.09
12:45:41,NEW_THREAT,Low,192.168.0.127,45.140.147.90,0.09
12:45:42,NEW_THREAT,Low,192.168.0.127,45.140.147.90,0.09
12:45:42,NEW_THREAT,Low,45.140.147.90,192.168.0.127,0.09
12:45:42,NEW_THREAT,Low,192.168.0.127,45.140.147.90,0.09
12:45:43,NEW_THREAT,Low,192.168.0.127,45.140.147.90,0.09
12:45:43,NEW_THREAT,Low,45.140.147.90,192.168.0.127,0.09
12:45:43,NEW_THREAT,Low,192.168.0.127,45.140.147.90,0.09
12:45:44,NEW_THREAT,Low,45.140.147.90,192.168.0.127,0.09
12:45:44,NEW_THREAT,Low,192.168.0.127,224.0.0.22,0.09
12:45:44,NEW_THREAT,Low,192.168.0.127,45.140.147.90,0.09
12:45:45,NEW_THREAT,Low,192.168.0.127,45.140.147.90,0.09
12:45:45,NEW_THREAT,Low,45.140.147.90,192.168.0.127,0.09
12:45:45,NEW_THREAT,Low,192.168.0.127,45.140.147.90,0.09
12:45:46,NEW_THREAT,Low,45.140.147.90,192.168.0.127,0.09
12:45:46,NEW_THREAT,Low,192.168.0.127,172.211.123.250,0.09
12:45:47,NEW_THREAT,Low,192.168.0.127,8.8.8.8,0.09
12:45:47,NEW_THREAT,Low,8.8.8.8,192.168.0.127,0.09
12:45:47,NEW_THREAT,Low,216.58.209.14,192.168.0.127,0.09
12:45:48,NEW_THREAT,Low,142.250.203.142,192.168.0.127,0.09
12:45:48,NEW_THREAT,Low,192.168.0.127,216.58.208.214,0.09
12:45:48,NEW_THREAT,Low,216.58.208.214,192.168.0.127,0.09
12:45:48,NEW_THREAT,Low,216.58.208.214,192.168.0.127,0.09
12:45:48,NEW_THREAT,Low,216.58.208.214,192.168.0.127,0.09
12:45:49,NEW_THREAT,Low,216.58.208.214,192.168.0.127,0.09
12:45:49,NEW_THREAT,Low,216.58.208.214,192.168.0.127,0.09
12:45:49,NEW_THREAT,Low,142.250.203.142,192.168.0.127,0.09
12:45:49,NEW_THREAT,Low,142.250.203.142,192.168.0.127,0.09
12:45:49,NEW_THREAT,Low,142.250.203.142,192.168.0.127,0.09
12:45:49,NEW_THREAT,Low,142.250.203.142,192.168.0.127,0.09
12:45:49,NEW_THREAT,Low,192.168.0.127,216.58.208.214,0.09
12:45:49,NEW_THREAT,Low,192.168.0.127,45.140.147.90,0.09
12:45:50,NEW_THREAT,Low,192.168.0.127,45.140.147.90,0.09
12:45:50,NEW_THREAT,Low,192.168.0.127,45.140.147.90,0.09
12:45:51,NEW_THREAT,Low,45.140.147.90,192.168.0.127,0.09
12:45:51,NEW_THREAT,Low,192.168.0.127,45.140.147.90,0.09
12:45:52,NEW_THREAT,Low,45.140.147.90,192.168.0.127,0.09
12:45:52,NEW_THREAT,Low,192.168.0.127,45.140.147.90,0.09
12:45:53,NEW_THREAT,Low,192.168.0.127,34.107.243.93,0.09
12:45:53,NEW_THREAT,Low,192.168.0.127,45.140.147.90,0.09
12:45:53,NEW_THREAT,Low,192.168.0.127,45.140.147.90,0.09
12:45:54,NEW_THREAT,Low,192.168.0.127,216.58.209.14,0.09
12:45:54,NEW_THREAT,Low,192.168.0.127,45.140.147.90,0.09
12:45:54,NEW_THREAT,Low,45.140.147.90,192.168.0.127,0.09
12:45:54,NEW_THREAT,Low,192.168.0.127,45.140.147.90,0.09
12:45:55,NEW_THREAT,Low,216.58.209.14,192.168.0.127,0.09
12:45:55,NEW_THREAT,Low,216.58.209.14,192.168.0.127,0.09
12:45:56,NEW_THREAT,Low,192.168.0.127,216.58.209.14,0.09
12:45:56,NEW_THREAT,Low,216.58.209.14,192.168.0.127,0.09
12:45:56,NEW_THREAT,Low,216.58.209.14,192.168.0.127,0.09
12:45:56,NEW_THREAT,Low,216.58.209.14,192.168.0.127,0.09
12:45:56,NEW_THREAT,Low,216.58.209.14,192.168.0.127,0.09
12:45:57,NEW_THREAT,Low,192.168.0.127,216.58.209.14,0.09
12:45:57,NEW_THREAT,Low,192.168.0.127,216.58.209.14,0.09
12:45:57,NEW_THREAT,Low,216.58.209.14,192.168.0.127,0.09
12:45:57,NEW_THREAT,Low,45.140.147.90,192.168.0.127,0.09
12:45:57,NEW_THREAT,Low,192.168.0.127,172.211.123.249,0.09
12:45:57,NEW_THREAT,Low,45.140.147.90,192.168.0.127,0.09
12:45:57,NEW_THREAT,Low,192.168.0.127,45.140.147.90,0.09
12:45:58,NEW_THREAT,Low,178.235.152.14,192.168.0.127,0.09
12:45:58,NEW_THREAT,Low,178.235.152.14,192.168.0.127,0.09
12:45:58,NEW_THREAT,Low,178.235.152.14,192.168.0.127,0.09
12:45:59,NEW_THREAT,Low,178.235.152.14,192.168.0.127,0.09
12:45:59,NEW_THREAT,Low,178.235.152.14,192.168.0.127,0.09
12:45:59,NEW_THREAT,Low,178.235.152.14,192.168.0.127,0.09
12:45:59,NEW_THREAT,Low,178.235.152.14,192.168.0.127,0.09
12:45:59,NEW_THREAT,Low,192.168.0.127,178.235.152.14,0.09
12:45:59,NEW_THREAT,Low,216.58.208.214,192.168.0.127,0.09
12:46:00,NEW_THREAT,Low,178.235.152.14,192.168.0.127,0.09
12:46:00,NEW_THREAT,Low,178.235.152.14,192.168.0.127,0.09
12:46:00,NEW_THREAT,Low,142.250.186.193,192.168.0.127,0.09
12:46:00,NEW_THREAT,Low,192.168.0.127,8.8.8.8,0.09
12:46:00,NEW_THREAT,Low,178.235.152.14,192.168.0.127,0.09
12:46:00,NEW_THREAT,Low,178.235.152.14,192.168.0.127,0.09
12:46:01,NEW_THREAT,Low,178.235.152.14,192.168.0.127,0.09
12:46:01,NEW_THREAT,Low,178.235.152.14,192.168.0.127,0.09
12:46:01,NEW_THREAT,Low,178.235.152.14,192.168.0.127,0.09
12:46:01,NEW_THREAT,Low,178.235.152.14,192.168.0.127,0.09
12:46:01,NEW_THREAT,Low,192.168.0.127,178.235.152.14,0.09
12:46:01,NEW_THREAT,Low,178.235.152.14,192.168.0.127,0.09
12:46:01,NEW_THREAT,Low,178.235.152.14,192.168.0.127,0.09
12:46:01,NEW_THREAT,Low,178.235.152.14,192.168.0.127,0.09
12:46:02,NEW_THREAT,Low,216.58.208.214,192.168.0.127,0.09
12:46:02,NEW_THREAT,Low,216.58.208.214,192.168.0.127,0.09
12:46:02,NEW_THREAT,Low,216.58.208.214,192.168.0.127,0.09
12:46:02,NEW_THREAT,Low,178.235.152.14,192.168.0.127,0.09
12:46:02,NEW_THREAT,Low,216.58.208.214,192.168.0.127,0.09
12:46:02,NEW_THREAT,Low,216.58.208.214,192.168.0.127,0.09
12:46:02,NEW_THREAT,Low,216.58.208.214,192.168.0.127,0.09
12:46:03,NEW_THREAT,Low,216.58.208.214,192.168.0.127,0.09
12:46:03,NEW_THREAT,Low,178.235.152.14,192.168.0.127,0.09
12:46:03,NEW_THREAT,Low,178.235.152.14,192.168.0.127,0.09
12:46:03,NEW_THREAT,Low,192.168.0.127,142.250.186.193,0.09
12:46:03,NEW_THREAT,Low,192.168.0.127,216.58.208.214,0.09
12:46:03,NEW_THREAT,Low,142.250.186.193,192.168.0.127,0.09
12:46:04,NEW_THREAT,Low,192.168.0.127,178.235.152.14,0.09
12:46:04,NEW_THREAT,Low,178.235.152.14,192.168.0.127,0.09
12:46:04,NEW_THREAT,Low,192.168.0.127,216.58.209.14,0.09
12:46:04,NEW_THREAT,Low,178.235.152.14,192.168.0.127,0.09
12:46:04,NEW_THREAT,Low,178.235.152.14,192.168.0.127,0.09
12:46:04,NEW_THREAT,Low,192.168.0.127,178.235.152.14,0.09
12:46:04,NEW_THREAT,Low,192.168.0.127,216.58.208.214,0.09
12:46:04,NEW_THREAT,Low,178.235.152.14,192.168.0.127,0.09
12:46:05,NEW_THREAT,Low,216.58.208.214,192.168.0.127,0.09
12:46:05,NEW_THREAT,Low,216.58.208.214,192.168.0.127,0.09
12:46:05,NEW_THREAT,Low,216.58.208.214,192.168.0.127,0.09
12:46:05,NEW_THREAT,Low,192.168.0.127,178.235.152.14,0.09
12:46:05,NEW_THREAT,Low,216.58.208.214,192.168.0.127,0.09
12:46:05,NEW_THREAT,Low,178.235.152.14,192.168.0.127,0.09
12:46:05,NEW_THREAT,Low,192.168.0.127,178.235.152.14,0.09
12:46:06,NEW_THREAT,Low,216.58.208.214,192.168.0.127,0.09
12:46:06,NEW_THREAT,Low,142.250.186.193,192.168.0.127,0.09
12:46:06,NEW_THREAT,Low,178.235.152.14,192.168.0.127,0.09
12:46:06,NEW_THREAT,Low,178.235.152.14,192.168.0.127,0.09
12:46:06,NEW_THREAT,Low,178.235.152.14,192.168.0.127,0.09
12:46:06,NEW_THREAT,Low,178.235.152.14,192.168.0.127,0.09
12:46:06,NEW_THREAT,Low,178.235.152.14,192.168.0.127,0.09
12:46:07,NEW_THREAT,Low,216.58.208.214,192.168.0.127,0.09
12:46:07,NEW_THREAT,Low,178.235.152.14,192.168.0.127,0.09
12:46:07,NEW_THREAT,Low,178.235.152.14,192.168.0.127,0.09
12:46:07,NEW_THREAT,Low,216.58.208.214,192.168.0.127,0.09
12:46:07,NEW_THREAT,Low,216.58.208.214,192.168.0.127,0.09
12:46:07,NEW_THREAT,Low,216.58.208.214,192.168.0.127,0.09
12:46:07,NEW_THREAT,Low,216.58.208.214,192.168.0.127,0.09
12:46:07,NEW_THREAT,Low,178.235.152.14,192.168.0.127,0.09
12:46:07,NEW_THREAT,Low,192.168.0.127,216.58.208.214,0.09
12:46:08,NEW_THREAT,Low,216.58.208.214,192.168.0.127,0.09
12:46:08,NEW_THREAT,Low,216.58.208.214,192.168.0.127,0.09
12:46:08,NEW_THREAT,Low,178.235.152.14,192.168.0.127,0.09
12:46:08,NEW_THREAT,Low,192.168.0.127,178.235.152.14,0.09
12:46:08,NEW_THREAT,Low,192.168.0.127,216.58.208.214,0.09
12:46:08,NEW_THREAT,Low,178.235.152.14,192.168.0.127,0.09
12:46:08,NEW_THREAT,Low,178.235.152.14,192.168.0.127,0.09
12:46:08,NEW_THREAT,Low,178.235.152.14,192.168.0.127,0.09
12:46:08,NEW_THREAT,Low,192.168.0.230,224.0.0.251,0.09
12:46:09,NEW_THREAT,Low,178.235.152.14,192.168.0.127,0.09
12:46:09,NEW_THREAT,Low,216.58.209.14,192.168.0.127,0.09
12:46:09,NEW_THREAT,Low,216.58.209.14,192.168.0.127,0.09
12:46:09,NEW_THREAT,Low,178.235.152.14,192.168.0.127,0.09
12:46:09,NEW_THREAT,Low,178.235.152.14,192.168.0.127,0.09
12:46:09,NEW_THREAT,Low,45.140.147.90,192.168.0.127,0.09
12:46:09,NEW_THREAT,Low,216.58.209.14,192.168.0.127,0.09
12:46:10,NEW_THREAT,Low,192.168.0.127,216.58.209.14,0.09
12:46:10,NEW_THREAT,Low,45.140.147.90,192.168.0.127,0.09
12:46:10,NEW_THREAT,Low,192.168.0.127,45.140.147.90,0.09
12:46:10,NEW_THREAT,Low,192.168.0.127,45.140.147.90,0.09
12:46:10,NEW_THREAT,Low,192.168.0.127,45.140.147.90,0.09
12:46:10,NEW_THREAT,Low,52.182.143.211,192.168.0.127,0.09
12:46:10,NEW_THREAT,Low,45.140.147.90,192.168.0.127,0.09
12:46:10,NEW_THREAT,Low,192.168.0.127,45.140.147.90,0.09
12:46:11,NEW_THREAT,Low,192.168.0.127,216.58.208.214,0.09
12:46:11,NEW_THREAT,Low,192.168.0.127,216.58.208.214,0.09
12:46:11,NEW_THREAT,Low,192.168.0.127,142.250.186.193,0.09
12:46:11,NEW_THREAT,Low,142.250.186.193,192.168.0.127,0.09
12:46:12,NEW_THREAT,Low,45.140.147.90,192.168.0.127,0.09
12:46:12,NEW_THREAT,Low,52.182.143.211,192.168.0.127,0.09
12:46:12,NEW_THREAT,Low,45.140.147.90,192.168.0.127,0.09
12:46:12,NEW_THREAT,Low,192.168.0.127,45.140.147.90,0.09
12:46:14,NEW_THREAT,Low,45.140.147.90,192.168.0.127,0.09
12:46:14,NEW_THREAT,Low,192.168.0.127,45.140.147.90,0.09
12:46:14,NEW_THREAT,Low,192.168.0.127,45.140.147.90,0.09
12:46:14,NEW_THREAT,Low,45.140.147.90,192.168.0.127,0.09
12:46:14,NEW_THREAT,Low,192.168.0.127,45.140.147.90,0.09
12:46:16,NEW_THREAT,Low,192.168.0.127,45.140.147.90,0.09
12:46:16,NEW_THREAT,Low,45.140.147.90,192.168.0.127,0.09
12:46:16,NEW_THREAT,Low,192.168.0.127,45.140.147.90,0.09
12:46:18,NEW_THREAT,Low,192.168.0.127,45.140.147.90,0.09
12:46:18,NEW_THREAT,Low,45.140.147.90,192.168.0.127,0.09
12:46:18,NEW_THREAT,Low,192.168.0.127,45.140.147.90,0.09
12:46:20,NEW_THREAT,Low,192.168.0.127,45.140.147.90,0.09
12:46:20,NEW_THREAT,Low,192.168.0.127,45.140.147.90,0.09
12:46:20,NEW_THREAT,Low,192.168.0.127,45.140.147.90,0.09
12:46:20,NEW_THREAT,Low,45.140.147.90,192.168.0.127,0.09
12:46:20,NEW_THREAT,Low,192.168.0.127,45.140.147.90,0.09
12:46:22,NEW_THREAT,Low,192.168.0.127,45.140.147.90,0.09
12:46:22,NEW_THREAT,Low,192.168.0.127,45.140.147.90,0.09
12:46:22,NEW_THREAT,Low,45.140.147.90,192.168.0.127,0.09
12:46:23,NEW_THREAT,Low,192.168.0.127,45.140.147.90,0.09
12:46:23,NEW_THREAT,Low,192.168.0.127,34.107.243.93,0.09
12:46:24,NEW_THREAT,Low,45.140.147.90,192.168.0.127,0.09
12:46:24,NEW_THREAT,Low,192.168.0.127,45.140.147.90,0.09
12:46:24,NEW_THREAT,Low,192.168.0.127,45.140.147.90,0.09
12:46:24,NEW_THREAT,Low,45.140.147.90,192.168.0.127,0.09
12:46:25,NEW_THREAT,Low,192.168.0.127,45.140.147.90,0.09
12:46:26,NEW_THREAT,Low,192.168.0.127,45.140.147.90,0.09
12:46:26,NEW_THREAT,Low,192.168.0.127,45.140.147.90,0.09
12:46:26,NEW_THREAT,Low,45.140.147.90,192.168.0.127,0.09
12:46:26,NEW_THREAT,Low,192.168.0.127,45.140.147.90,0.09
12:46:27,NEW_THREAT,Low,192.168.0.127,172.211.123.249,0.09
12:46:28,NEW_THREAT,Low,45.140.147.90,192.168.0.127,0.09
12:46:28,NEW_THREAT,Low,192.168.0.127,45.140.147.90,0.09
12:46:28,NEW_THREAT,Low,192.168.0.127,45.140.147.90,0.09
12:46:28,NEW_THREAT,Low,45.140.147.90,192.168.0.127,0.09
12:46:29,NEW_THREAT,Low,192.168.0.230,224.0.0.251,0.09
12:46:29,NEW_THREAT,Low,192.168.0.127,45.140.147.90,0.09
12:46:30,NEW_THREAT,Low,45.140.147.90,192.168.0.127,0.09
12:46:30,NEW_THREAT,Low,192.168.0.127,45.140.147.90,0.09
12:46:30,NEW_THREAT,Low,45.140.147.90,192.168.0.127,0.09
12:46:31,NEW_THREAT,Low,192.168.0.127,45.140.147.90,0.09
12:46:32,NEW_THREAT,Low,192.168.0.127,45.140.147.90,0.09
12:46:32,NEW_THREAT,Low,45.140.147.90,192.168.0.127,0.09
12:46:33,NEW_THREAT,Low,192.168.0.127,45.140.147.90,0.09
12:46:34,NEW_THREAT,Low,45.140.147.90,192.168.0.127,0.09
12:46:34,NEW_THREAT,Low,192.168.0.127,45.140.147.90,0.09
12:46:34,NEW_THREAT,Low,192.168.0.127,45.140.147.90,0.09
12:46:34,NEW_THREAT,Low,45.140.147.90,192.168.0.127,0.09
12:46:35,NEW_THREAT,Low,192.168.0.127,45.140.147.90,0.09
12:46:36,NEW_THREAT,Low,192.168.0.127,45.140.147.90,0.09
12:46:36,NEW_THREAT,Low,45.140.147.90,192.168.0.127,0.09
12:46:37,NEW_THREAT,Low,192.168.0.127,45.140.147.90,0.09
12:46:37,NEW_THREAT,Low,0.0.0.0,224.0.0.1,0.09
12:46:38,NEW_THREAT,Low,45.140.147.90,192.168.0.127,0.09
12:46:38,NEW_THREAT,Low,192.168.0.127,45.140.147.90,0.09
12:46:38,NEW_THREAT,Low,45.140.147.90,192.168.0.127,0.09
12:46:39,NEW_THREAT,Low,192.168.0.127,45.140.147.90,0.09
12:46:39,NEW_THREAT,Low,45.140.147.90,192.168.0.127,0.09
12:46:39,NEW_THREAT,Low,192.168.0.127,45.140.147.90,0.09
12:46:40,NEW_THREAT,Low,192.168.0.127,45.140.147.90,0.09
12:46:40,NEW_THREAT,Low,45.140.147.90,192.168.0.127,0.09
12:46:40,NEW_THREAT,Low,192.168.0.127,45.140.147.90,0.09
12:46:40,NEW_THREAT,Low,45.140.147.90,192.168.0.127,0.09
12:46:41,NEW_THREAT,Low,192.168.0.127,45.140.147.90,0.09
12:46:41,NEW_THREAT,Low,142.250.203.142,192.168.0.127,0.09
12:46:41,NEW_THREAT,Low,142.250.203.142,192.168.0.127,0.09
12:46:41,NEW_THREAT,Low,142.250.203.142,192.168.0.127,0.09
12:46:42,NEW_THREAT,Low,192.168.0.127,178.235.152.12,0.09
12:46:42,NEW_THREAT,Low,178.235.152.12,192.168.0.127,0.09
12:46:42,NEW_THREAT,Low,216.58.208.214,192.168.0.127,0.09
12:46:42,NEW_THREAT,Low,192.168.0.127,216.58.208.214,0.09
12:46:42,NEW_THREAT,Low,216.58.208.214,192.168.0.127,0.09
12:46:42,NEW_THREAT,Low,216.58.208.214,192.168.0.127,0.09
12:46:42,NEW_THREAT,Low,45.140.147.90,192.168.0.127,0.09
12:46:42,NEW_THREAT,Low,192.168.0.1,224.0.0.22,0.09
12:46:43,NEW_THREAT,Low,192.168.0.127,216.58.208.214,0.09
12:46:43,NEW_THREAT,Low,216.58.208.214,192.168.0.127,0.09
12:46:43,NEW_THREAT,Low,216.58.208.214,192.168.0.127,0.09
12:46:43,NEW_THREAT,Low,216.58.208.214,192.168.0.127,0.09
12:46:43,NEW_THREAT,Low,216.58.208.214,192.168.0.127,0.09
12:46:43,NEW_THREAT,Low,216.58.208.214,192.168.0.127,0.09
12:46:43,NEW_THREAT,Low,216.58.208.214,192.168.0.127,0.09
12:46:44,NEW_THREAT,Low,216.58.208.214,192.168.0.127,0.09
12:46:44,NEW_THREAT,Low,216.58.208.214,192.168.0.127,0.09
12:46:44,NEW_THREAT,Low,216.58.208.214,192.168.0.127,0.09
12:46:44,NEW_THREAT,Low,216.58.208.214,192.168.0.127,0.09
12:46:44,NEW_THREAT,Low,192.168.0.230,224.0.0.22,0.09
12:46:44,NEW_THREAT,Low,192.168.0.127,45.140.147.90,0.09
12:46:44,NEW_THREAT,Low,45.140.147.90,192.168.0.127,0.09
12:46:45,NEW_THREAT,Low,192.168.0.127,224.0.0.22,0.09
12:46:45,NEW_THREAT,Low,192.168.0.127,45.140.147.90,0.09
12:46:46,NEW_THREAT,Low,192.168.0.127,224.0.0.22,0.09
12:46:46,NEW_THREAT,Low,192.168.0.127,45.140.147.90,0.09
12:46:46,NEW_THREAT,Low,192.168.0.127,45.140.147.90,0.09
12:46:46,NEW_THREAT,Low,192.168.0.127,172.211.123.250,0.09
12:46:46,NEW_THREAT,Low,192.168.0.127,45.140.147.90,0.09
12:46:47,NEW_THREAT,Low,45.140.147.90,192.168.0.127,0.09
12:46:47,NEW_THREAT,Low,192.168.0.127,45.140.147.90,0.09
12:46:48,NEW_THREAT,Low,45.140.147.90,192.168.0.127,0.09
12:46:48,NEW_THREAT,Low,192.168.0.127,45.140.147.90,0.09
12:46:48,NEW_THREAT,Low,192.168.0.127,45.140.147.90,0.09
12:46:49,NEW_THREAT,Low,45.140.147.90,192.168.0.127,0.09
12:46:49,NEW_THREAT,Low,192.168.0.127,45.140.147.90,0.09
12:46:50,NEW_THREAT,Low,45.140.147.90,192.168.0.127,0.09
12:46:50,NEW_THREAT,Low,192.168.0.127,45.140.147.90,0.09
12:46:51,NEW_THREAT,Low,45.140.147.90,192.168.0.127,0.09
12:46:51,NEW_THREAT,Low,45.140.147.90,192.168.0.127,0.09
12:46:51,NEW_THREAT,Low,192.168.0.127,45.140.147.90,0.09
12:46:52,NEW_THREAT,Low,192.168.0.127,45.140.147.90,0.09
12:46:52,NEW_THREAT,Low,192.168.0.127,45.140.147.90,0.09
12:46:52,NEW_THREAT,Low,192.168.0.127,4.4.4.4,0.09
12:46:53,NEW_THREAT,Low,142.250.203.142,192.168.0.127,0.09
12:46:53,NEW_THREAT,Low,142.250.203.142,192.168.0.127,0.09
12:46:53,NEW_THREAT,Low,192.168.0.127,34.107.243.93,0.09
12:46:54,NEW_THREAT,Low,45.140.147.90,192.168.0.127,0.09
12:46:54,NEW_THREAT,Low,192.168.0.127,45.140.147.90,0.09
12:46:54,NEW_THREAT,Low,192.168.0.127,45.140.147.90,0.09
12:46:54,NEW_THREAT,Low,45.140.147.90,192.168.0.127,0.09
12:46:54,NEW_THREAT,Low,45.140.147.90,192.168.0.127,0.09
12:46:54,NEW_THREAT,Low,192.168.0.127,45.140.147.90,0.09
12:46:55,NEW_THREAT,Low,192.168.0.127,142.250.203.142,0.09
12:46:55,NEW_THREAT,Low,142.250.203.142,192.168.0.127,0.09
12:46:55,NEW_THREAT,Low,192.168.0.127,178.235.152.14,0.09
12:46:56,NEW_THREAT,Low,178.235.152.14,192.168.0.127,0.09
12:46:56,NEW_THREAT,Low,178.235.152.14,192.168.0.127,0.09
12:46:57,NEW_THREAT,Low,178.235.152.14,192.168.0.127,0.09
12:46:57,NEW_THREAT,Low,178.235.152.14,192.168.0.127,0.09
12:46:58,NEW_THREAT,Low,178.235.152.14,192.168.0.127,0.09
12:46:58,NEW_THREAT,Low,216.58.208.214,192.168.0.127,0.09
12:46:58,NEW_THREAT,Low,216.58.208.214,192.168.0.127,0.09
12:46:58,NEW_THREAT,Low,178.235.152.14,192.168.0.127,0.09
12:46:59,NEW_THREAT,Low,178.235.152.14,192.168.0.127,0.09
12:46:59,NEW_THREAT,Low,178.235.152.14,192.168.0.127,0.09
12:46:59,NEW_THREAT,Low,178.235.152.14,192.168.0.127,0.09
12:46:59,NEW_THREAT,Low,178.235.152.14,192.168.0.127,0.09
12:47:00,NEW_THREAT,Low,178.235.152.14,192.168.0.127,0.09
12:47:00,NEW_THREAT,Low,178.235.152.14,192.168.0.127,0.09
12:47:00,NEW_THREAT,Low,178.235.152.14,192.168.0.127,0.09
12:47:00,NEW_THREAT,Low,216.58.208.214,192.168.0.127,0.09
12:47:00,NEW_THREAT,Low,178.235.152.14,192.168.0.127,0.09
12:47:00,NEW_THREAT,Low,178.235.152.14,192.168.0.127,0.09
12:47:01,NEW_THREAT,Low,178.235.152.14,192.168.0.127,0.09
12:47:01,NEW_THREAT,Low,178.235.152.14,192.168.0.127,0.09
12:47:01,NEW_THREAT,Low,178.235.152.14,192.168.0.127,0.09
12:47:01,NEW_THREAT,Low,178.235.152.14,192.168.0.127,0.09
12:47:01,NEW_THREAT,Low,178.235.152.14,192.168.0.127,0.09
12:47:02,NEW_THREAT,Low,178.235.152.14,192.168.0.127,0.09
12:47:02,NEW_THREAT,Low,178.235.152.14,192.168.0.127,0.09
12:47:02,NEW_THREAT,Low,178.235.152.14,192.168.0.127,0.09
12:47:02,NEW_THREAT,Low,192.168.0.127,142.250.203.142,0.09
12:47:02,NEW_THREAT,Low,142.250.203.142,192.168.0.127,0.09
12:47:03,NEW_THREAT,Low,192.168.0.127,178.235.152.14,0.09
12:47:03,NEW_THREAT,Low,178.235.152.14,192.168.0.127,0.09
12:47:03,NEW_THREAT,Low,192.168.0.127,178.235.152.14,0.09
12:47:04,NEW_THREAT,Low,178.235.152.14,192.168.0.127,0.09
12:47:04,NEW_THREAT,Low,178.235.152.14,192.168.0.127,0.09
12:47:04,NEW_THREAT,Low,178.235.152.14,192.168.0.127,0.09
12:47:05,NEW_THREAT,Low,178.235.152.14,192.168.0.127,0.09
12:47:05,NEW_THREAT,Low,178.235.152.14,192.168.0.127,0.09
12:47:05,NEW_THREAT,Low,178.235.152.14,192.168.0.127,0.09
12:47:05,NEW_THREAT,Low,178.235.152.14,192.168.0.127,0.09
12:47:06,NEW_THREAT,Low,142.250.203.142,192.168.0.127,0.09
12:47:06,NEW_THREAT,Low,178.235.152.14,192.168.0.127,0.09
12:47:06,NEW_THREAT,Low,192.168.0.127,178.235.152.14,0.09
12:47:06,NEW_THREAT,Low,178.235.152.14,192.168.0.127,0.09
12:47:07,NEW_THREAT,Low,178.235.152.14,192.168.0.127,0.09
12:47:07,NEW_THREAT,Low,178.235.152.14,192.168.0.127,0.09
12:47:07,NEW_THREAT,Low,178.235.152.14,192.168.0.127,0.09
12:47:07,NEW_THREAT,Low,178.235.152.14,192.168.0.127,0.09
12:47:07,NEW_THREAT,Low,178.235.152.14,192.168.0.127,0.09
12:47:08,NEW_THREAT,Low,178.235.152.14,192.168.0.127,0.09
12:47:08,NEW_THREAT,Low,192.168.0.127,178.235.152.14,0.09
12:47:08,NEW_THREAT,Low,178.235.152.14,192.168.0.127,0.09
12:47:08,NEW_THREAT,Low,178.235.152.14,192.168.0.127,0.09
12:47:08,NEW_THREAT,Low,178.235.152.14,192.168.0.127,0.09
12:47:08,NEW_THREAT,Low,192.168.0.127,178.235.152.14,0.09
12:47:09,NEW_THREAT,Low,192.168.0.127,178.235.152.14,0.09
12:47:09,NEW_THREAT,Low,192.168.0.127,142.250.203.142,0.09
12:47:09,NEW_THREAT,Low,142.250.203.142,192.168.0.127,0.09
12:47:09,NEW_THREAT,Low,178.235.152.14,192.168.0.127,0.09
12:47:09,NEW_THREAT,Low,178.235.152.14,192.168.0.127,0.09
12:47:10,NEW_THREAT,Low,178.235.152.14,192.168.0.127,0.09
12:47:10,NEW_THREAT,Low,178.235.152.14,192.168.0.127,0.09
12:47:10,NEW_THREAT,Low,178.235.152.14,192.168.0.127,0.09
12:47:10,NEW_THREAT,Low,178.235.152.14,192.168.0.127,0.09
12:47:11,NEW_THREAT,Low,178.235.152.14,192.168.0.127,0.09
12:47:11,NEW_THREAT,Low,178.235.152.14,192.168.0.127,0.09
12:47:11,NEW_THREAT,Low,178.235.152.14,192.168.0.127,0.09
12:47:11,NEW_THREAT,Low,178.235.152.14,192.168.0.127,0.09
12:47:12,NEW_THREAT,Low,178.235.152.14,192.168.0.127,0.09
12:47:12,NEW_THREAT,Low,178.235.152.14,192.168.0.127,0.09
12:47:12,NEW_THREAT,Low,178.235.152.14,192.168.0.127,0.09
12:47:12,NEW_THREAT,Low,178.235.152.14,192.168.0.127,0.09
12:47:12,NEW_THREAT,Low,178.235.152.14,192.168.0.127,0.09
12:47:12,NEW_THREAT,Low,178.235.152.14,192.168.0.127,0.09
12:47:12,NEW_THREAT,Low,178.235.152.14,192.168.0.127,0.09
12:47:13,NEW_THREAT,Low,178.235.152.14,192.168.0.127,0.09
12:47:13,NEW_THREAT,Low,178.235.152.14,192.168.0.127,0.09
12:47:13,NEW_THREAT,Low,178.235.152.14,192.168.0.127,0.09
12:47:13,NEW_THREAT,Low,178.235.152.14,192.168.0.127,0.09
12:47:13,NEW_THREAT,Low,178.235.152.14,192.168.0.127,0.09
12:47:13,NEW_THREAT,Low,192.168.0.127,178.235.152.14,0.09
12:47:13,NEW_THREAT,Low,178.235.152.14,192.168.0.127,0.09
12:47:14,NEW_THREAT,Low,192.168.0.127,178.235.152.14,0.09
12:47:14,NEW_THREAT,Low,178.235.152.14,192.168.0.127,0.09
12:47:14,NEW_THREAT,Low,178.235.152.14,192.168.0.127,0.09
12:47:14,NEW_THREAT,Low,178.235.152.14,192.168.0.127,0.09
12:47:14,NEW_THREAT,Low,178.235.152.14,192.168.0.127,0.09
12:47:14,NEW_THREAT,Low,178.235.152.14,192.168.0.127,0.09
12:47:15,NEW_THREAT,Low,178.235.152.14,192.168.0.127,0.09
12:47:15,NEW_THREAT,Low,178.235.152.14,192.168.0.127,0.09
12:47:15,NEW_THREAT,Low,178.235.152.14,192.168.0.127,0.09
12:47:15,NEW_THREAT,Low,142.250.203.142,192.168.0.127,0.09
12:47:16,NEW_THREAT,Low,142.250.203.142,192.168.0.127,0.09
12:47:17,NEW_THREAT,Low,178.235.152.14,192.168.0.127,0.09
12:47:17,NEW_THREAT,Low,178.235.152.14,192.168.0.127,0.09
12:47:17,NEW_THREAT,Low,192.168.0.127,45.140.147.90,0.09
12:47:18,NEW_THREAT,Low,192.168.0.127,216.58.208.214,0.09
12:47:19,NEW_THREAT,Low,216.58.208.214,192.168.0.127,0.09
12:47:19,NEW_THREAT,Low,216.58.208.214,192.168.0.127,0.09
12:47:19,NEW_THREAT,Low,216.58.208.214,192.168.0.127,0.09
12:47:19,NEW_THREAT,Low,216.58.208.214,192.168.0.127,0.09
12:47:20,NEW_THREAT,Low,216.58.208.214,192.168.0.127,0.09
12:47:20,NEW_THREAT,Low,192.168.0.127,216.58.208.214,0.09
12:47:20,NEW_THREAT,Low,216.58.208.214,192.168.0.127,0.09
12:47:20,NEW_THREAT,Low,216.58.208.214,192.168.0.127,0.09
12:47:20,NEW_THREAT,Low,216.58.208.214,192.168.0.127,0.09
12:47:21,NEW_THREAT,Low,216.58.208.214,192.168.0.127,0.09
12:47:21,NEW_THREAT,Low,216.58.208.214,192.168.0.127,0.09
12:47:21,NEW_THREAT,Low,216.58.208.214,192.168.0.127,0.09
12:47:21,NEW_THREAT,Low,178.235.152.14,192.168.0.127,0.09
12:47:21,NEW_THREAT,Low,178.235.152.14,192.168.0.127,0.09
12:47:22,NEW_THREAT,Low,178.235.152.14,192.168.0.127,0.09
12:47:22,NEW_THREAT,Low,178.235.152.14,192.168.0.127,0.09
12:47:22,NEW_THREAT,Low,178.235.152.14,192.168.0.127,0.09
12:47:22,NEW_THREAT,Low,192.168.0.127,142.250.203.142,0.09
12:47:22,NEW_THREAT,Low,192.168.0.127,8.8.8.8,0.09
12:47:22,NEW_THREAT,Low,178.235.152.14,192.168.0.127,0.09
12:47:22,NEW_THREAT,Low,192.168.0.127,178.235.152.14,0.09
12:47:22,NEW_THREAT,Low,178.235.152.14,192.168.0.127,0.09
12:47:22,NEW_THREAT,Low,178.235.152.14,192.168.0.127,0.09
12:47:23,NEW_THREAT,Low,178.235.152.14,192.168.0.127,0.09
12:47:23,NEW_THREAT,Low,178.235.152.14,192.168.0.127,0.09
12:47:24,NEW_THREAT,Low,178.235.152.14,192.168.0.127,0.09
12:47:24,NEW_THREAT,Low,178.235.152.14,192.168.0.127,0.09
12:47:24,NEW_THREAT,Low,178.235.152.14,192.168.0.127,0.09
12:47:24,NEW_THREAT,Low,178.235.152.14,192.168.0.127,0.09
12:47:25,NEW_THREAT,Low,178.235.152.14,192.168.0.127,0.09
12:47:25,NEW_THREAT,Low,178.235.152.14,192.168.0.127,0.09
12:47:25,NEW_THREAT,Low,178.235.152.14,192.168.0.127,0.09
12:47:25,NEW_THREAT,Low,192.168.0.127,178.235.152.14,0.09
12:47:25,NEW_THREAT,Low,192.168.0.127,216.58.208.214,0.09
12:47:25,NEW_THREAT,Low,192.168.0.127,216.58.208.214,0.09
12:47:26,NEW_THREAT,Low,216.58.208.214,192.168.0.127,0.09
12:47:26,NEW_THREAT,Low,216.58.208.214,192.168.0.127,0.09
12:47:26,NEW_THREAT,Low,216.58.208.214,192.168.0.127,0.09
12:47:26,NEW_THREAT,Low,142.250.203.142,192.168.0.127,0.09
12:47:26,NEW_THREAT,Low,192.168.0.127,178.235.152.14,0.09
12:47:26,NEW_THREAT,Low,178.235.152.14,192.168.0.127,0.09
12:47:27,NEW_THREAT,Low,178.235.152.14,192.168.0.127,0.09
12:47:27,NEW_THREAT,Low,192.168.0.127,178.235.152.14,0.09
12:47:27,NEW_THREAT,Low,178.235.152.14,192.168.0.127,0.09
12:47:27,NEW_THREAT,Low,178.235.152.14,192.168.0.127,0.09
12:47:27,NEW_THREAT,Low,178.235.152.14,192.168.0.127,0.09
12:47:27,NEW_THREAT,Low,178.235.152.14,192.168.0.127,0.09
12:47:28,NEW_THREAT,Low,178.235.152.14,192.168.0.127,0.09
12:47:28,NEW_THREAT,Low,178.235.152.14,192.168.0.127,0.09
12:47:28,NEW_THREAT,Low,192.168.0.127,45.140.147.90,0.09
12:47:28,NEW_THREAT,Low,8.8.8.8,192.168.0.127,0.09
12:47:28,NEW_THREAT,Low,192.168.0.127,46.134.193.143,0.09
12:47:28,NEW_THREAT,Low,46.134.193.143,192.168.0.127,0.09
12:47:29,NEW_THREAT,Low,178.235.152.14,192.168.0.127,0.09
12:47:29,NEW_THREAT,Low,192.168.0.127,178.235.152.14,0.09
12:47:29,NEW_THREAT,Low,178.235.152.14,192.168.0.127,0.09
12:47:29,NEW_THREAT,Low,178.235.152.14,192.168.0.127,0.09
12:47:29,NEW_THREAT,Low,178.235.152.14,192.168.0.127,0.09
12:47:29,NEW_THREAT,Low,178.235.152.14,192.168.0.127,0.09
12:47:30,NEW_THREAT,Low,178.235.152.14,192.168.0.127,0.09
12:47:30,NEW_THREAT,Low,192.168.0.127,178.235.152.14,0.09
12:47:30,NEW_THREAT,Low,178.235.152.14,192.168.0.127,0.09
12:47:30,NEW_THREAT,Low,178.235.152.14,192.168.0.127,0.09
12:47:30,NEW_THREAT,Low,178.235.152.14,192.168.0.127,0.09
12:47:30,NEW_THREAT,Low,178.235.152.14,192.168.0.127,0.09
12:47:31,NEW_THREAT,Low,45.140.147.90,192.168.0.127,0.09
12:47:31,NEW_THREAT,Low,45.140.147.90,192.168.0.127,0.09
12:47:31,NEW_THREAT,Low,192.168.0.127,178.235.152.14,0.09
12:47:31,NEW_THREAT,Low,178.235.152.14,192.168.0.127,0.09
12:47:31,NEW_THREAT,Low,178.235.152.14,192.168.0.127,0.09
12:47:31,NEW_THREAT,Low,178.235.152.14,192.168.0.127,0.09
12:47:31,NEW_THREAT,Low,192.168.0.127,178.235.152.14,0.09
12:47:31,NEW_THREAT,Low,178.235.152.14,192.168.0.127,0.09
12:47:32,NEW_THREAT,Low,192.168.0.127,178.235.152.14,0.09
12:47:32,NEW_THREAT,Low,178.235.152.14,192.168.0.127,0.09
12:47:32,NEW_THREAT,Low,192.168.0.127,178.235.152.14,0.09
12:47:32,NEW_THREAT,Low,178.235.152.14,192.168.0.127,0.09
12:47:32,NEW_THREAT,Low,178.235.152.14,192.168.0.127,0.09
12:47:33,NEW_THREAT,Low,178.235.152.14,192.168.0.127,0.09
12:47:33,NEW_THREAT,Low,178.235.152.14,192.168.0.127,0.09
12:47:33,NEW_THREAT,Low,178.235.152.14,192.168.0.127,0.09
12:47:33,NEW_THREAT,Low,192.168.0.127,178.235.152.14,0.09
12:47:33,NEW_THREAT,Low,178.235.152.14,192.168.0.127,0.09
12:47:34,NEW_THREAT,Low,192.168.0.127,178.235.152.14,0.09
12:47:34,NEW_THREAT,Low,178.235.152.14,192.168.0.127,0.09
12:47:34,NEW_THREAT,Low,178.235.152.14,192.168.0.127,0.09
12:47:34,NEW_THREAT,Low,178.235.152.14,192.168.0.127,0.09
12:47:34,NEW_THREAT,Low,192.168.0.127,178.235.152.14,0.09
12:47:34,NEW_THREAT,Low,178.235.152.14,192.168.0.127,0.09
12:47:35,NEW_THREAT,Low,178.235.152.14,192.168.0.127,0.09
12:47:35,NEW_THREAT,Low,178.235.152.14,192.168.0.127,0.09
12:47:35,NEW_THREAT,Low,178.235.152.14,192.168.0.127,0.09
12:47:35,NEW_THREAT,Low,178.235.152.14,192.168.0.127,0.09
12:47:36,NEW_THREAT,Low,178.235.152.14,192.168.0.127,0.09
12:47:36,NEW_THREAT,Low,178.235.152.14,192.168.0.127,0.09
12:47:36,NEW_THREAT,Low,178.235.152.14,192.168.0.127,0.09
12:47:36,NEW_THREAT,Low,178.235.152.14,192.168.0.127,0.09
12:47:36,NEW_THREAT,Low,178.235.152.14,192.168.0.127,0.09
12:47:36,NEW_THREAT,Low,178.235.152.14,192.168.0.127,0.09
12:47:36,NEW_THREAT,Low,192.168.0.127,178.235.152.14,0.09
12:47:36,NEW_THREAT,Low,178.235.152.14,192.168.0.127,0.09
12:47:37,NEW_THREAT,Low,178.235.152.14,192.168.0.127,0.09
12:47:37,NEW_THREAT,Low,178.235.152.14,192.168.0.127,0.09
12:47:37,NEW_THREAT,Low,178.235.152.14,192.168.0.127,0.09
12:47:37,NEW_THREAT,Low,178.235.152.14,192.168.0.127,0.09
12:47:37,NEW_THREAT,Low,178.235.152.14,192.168.0.127,0.09
12:47:37,NEW_THREAT,Low,178.235.152.14,192.168.0.127,0.09
12:47:37,NEW_THREAT,Low,178.235.152.14,192.168.0.127,0.09
12:47:38,NEW_THREAT,Low,178.235.152.14,192.168.0.127,0.09
12:47:38,NEW_THREAT,Low,178.235.152.14,192.168.0.127,0.09
12:47:38,NEW_THREAT,Low,178.235.152.14,192.168.0.127,0.09
12:47:38,NEW_THREAT,Low,178.235.152.14,192.168.0.127,0.09
12:47:38,NEW_THREAT,Low,178.235.152.14,192.168.0.127,0.09
12:47:39,NEW_THREAT,Low,192.168.0.127,45.140.147.90,0.09
12:47:39,NEW_THREAT,Low,192.168.0.127,142.250.203.142,0.09
12:47:39,NEW_THREAT,Low,20.189.173.23,192.168.0.127,0.09
12:47:39,NEW_THREAT,Low,192.168.0.127,178.235.152.14,0.09
12:47:39,NEW_THREAT,Low,178.235.152.14,192.168.0.127,0.09
12:47:39,NEW_THREAT,Low,178.235.152.14,192.168.0.127,0.09
12:47:39,NEW_THREAT,Low,178.235.152.14,192.168.0.127,0.09
12:47:40,NEW_THREAT,Low,178.235.152.14,192.168.0.127,0.09
12:47:40,NEW_THREAT,Low,178.235.152.14,192.168.0.127,0.09
12:47:40,NEW_THREAT,Low,178.235.152.14,192.168.0.127,0.09
12:47:40,NEW_THREAT,Low,178.235.152.14,192.168.0.127,0.09
12:47:40,NEW_THREAT,Low,178.235.152.14,192.168.0.127,0.09
12:47:40,NEW_THREAT,Low,178.235.152.14,192.168.0.127,0.09
12:47:40,NEW_THREAT,Low,178.235.152.14,192.168.0.127,0.09
12:47:41,NEW_THREAT,Low,178.235.152.14,192.168.0.127,0.09
12:47:41,NEW_THREAT,Low,178.235.152.14,192.168.0.127,0.09
12:47:41,NEW_THREAT,Low,178.235.152.14,192.168.0.127,0.09
12:47:41,NEW_THREAT,Low,178.235.152.14,192.168.0.127,0.09
12:47:41,NEW_THREAT,Low,178.235.152.14,192.168.0.127,0.09
12:47:42,NEW_THREAT,Low,178.235.152.14,192.168.0.127,0.09
12:47:42,NEW_THREAT,Low,178.235.152.14,192.168.0.127,0.09
12:47:42,NEW_THREAT,Low,178.235.152.14,192.168.0.127,0.09
12:47:42,NEW_THREAT,Low,178.235.152.14,192.168.0.127,0.09
12:47:42,NEW_THREAT,Low,178.235.152.14,192.168.0.127,0.09
12:47:43,NEW_THREAT,Low,178.235.152.14,192.168.0.127,0.09
12:47:43,NEW_THREAT,Low,178.235.152.14,192.168.0.127,0.09
12:47:43,NEW_THREAT,Low,178.235.152.14,192.168.0.127,0.09
12:47:43,NEW_THREAT,Low,178.235.152.14,192.168.0.127,0.09
12:47:43,NEW_THREAT,Low,178.235.152.14,192.168.0.127,0.09
12:47:43,NEW_THREAT,Low,192.168.0.127,178.235.152.14,0.09
12:47:43,NEW_THREAT,Low,178.235.152.14,192.168.0.127,0.09
12:47:43,NEW_THREAT,Low,178.235.152.14,192.168.0.127,0.09
12:47:44,NEW_THREAT,Low,178.235.152.14,192.168.0.127,0.09
12:47:44,NEW_THREAT,Low,178.235.152.14,192.168.0.127,0.09
12:47:44,NEW_THREAT,Low,192.168.0.127,104.208.16.89,0.09
12:47:44,NEW_THREAT,Low,104.208.16.89,192.168.0.127,0.09
12:47:44,NEW_THREAT,Low,104.208.16.89,192.168.0.127,0.09
12:47:44,NEW_THREAT,Low,192.168.0.230,224.0.0.251,0.09
12:47:44,NEW_THREAT,Low,192.168.0.230,224.0.0.251,0.09
12:47:45,NEW_THREAT,Low,20.189.173.23,192.168.0.127,0.09
12:47:45,NEW_THREAT,Low,192.168.0.127,178.235.152.14,0.09
12:47:45,NEW_THREAT,Low,178.235.152.14,192.168.0.127,0.09
12:47:45,NEW_THREAT,Low,178.235.152.14,192.168.0.127,0.09
12:47:45,NEW_THREAT,Low,178.235.152.14,192.168.0.127,0.09
12:47:46,NEW_THREAT,Low,178.235.152.14,192.168.0.127,0.09
12:47:46,NEW_THREAT,Low,178.235.152.14,192.168.0.127,0.09
12:47:46,NEW_THREAT,Low,178.235.152.14,192.168.0.127,0.09
12:47:46,NEW_THREAT,Low,178.235.152.14,192.168.0.127,0.09
12:47:46,NEW_THREAT,Low,178.235.152.14,192.168.0.127,0.09
12:47:46,NEW_THREAT,Low,178.235.152.14,192.168.0.127,0.09
12:47:46,NEW_THREAT,Low,178.235.152.14,192.168.0.127,0.09
12:47:46,NEW_THREAT,Low,178.235.152.14,192.168.0.127,0.09
12:47:47,NEW_THREAT,Low,178.235.152.14,192.168.0.127,0.09
12:47:47,NEW_THREAT,Low,178.235.152.14,192.168.0.127,0.09
12:47:47,NEW_THREAT,Low,178.235.152.14,192.168.0.127,0.09
12:47:47,NEW_THREAT,Low,192.168.0.127,178.235.152.14,0.09
12:47:47,NEW_THREAT,Low,178.235.152.14,192.168.0.127,0.09
12:47:47,NEW_THREAT,Low,192.168.0.127,178.235.152.14,0.09
12:47:48,NEW_THREAT,Low,178.235.152.14,192.168.0.127,0.09
12:47:48,NEW_THREAT,Low,178.235.152.14,192.168.0.127,0.09
12:47:48,NEW_THREAT,Low,178.235.152.14,192.168.0.127,0.09
12:47:48,NEW_THREAT,Low,178.235.152.14,192.168.0.127,0.09
12:47:48,NEW_THREAT,Low,178.235.152.14,192.168.0.127,0.09
12:47:49,NEW_THREAT,Low,178.235.152.14,192.168.0.127,0.09
12:47:49,NEW_THREAT,Low,178.235.152.14,192.168.0.127,0.09
12:47:49,NEW_THREAT,Low,178.235.152.14,192.168.0.127,0.09
12:47:49,NEW_THREAT,Low,178.235.152.14,192.168.0.127,0.09
12:47:49,NEW_THREAT,Low,178.235.152.14,192.168.0.127,0.09
12:47:49,NEW_THREAT,Low,178.235.152.14,192.168.0.127,0.09
12:47:50,NEW_THREAT,Low,178.235.152.14,192.168.0.127,0.09
12:47:50,NEW_THREAT,Low,178.235.152.14,192.168.0.127,0.09
12:47:50,NEW_THREAT,Low,178.235.152.14,192.168.0.127,0.09
12:47:50,NEW_THREAT,Low,192.168.0.127,178.235.152.14,0.09
12:47:50,NEW_THREAT,Low,192.168.0.127,45.140.147.90,0.09
12:47:50,NEW_THREAT,Low,192.168.0.127,224.0.0.22,0.09
12:47:50,NEW_THREAT,Low,178.235.152.14,192.168.0.127,0.09
12:47:50,NEW_THREAT,Low,178.235.152.14,192.168.0.127,0.09
12:47:51,NEW_THREAT,Low,178.235.152.14,192.168.0.127,0.09
12:47:51,NEW_THREAT,Low,178.235.152.14,192.168.0.127,0.09
12:47:51,NEW_THREAT,Low,178.235.152.14,192.168.0.127,0.09
12:47:51,NEW_THREAT,Low,178.235.152.14,192.168.0.127,0.09
12:47:52,NEW_THREAT,Low,178.235.152.14,192.168.0.127,0.09
12:47:52,NEW_THREAT,Low,178.235.152.14,192.168.0.127,0.09
12:47:52,NEW_THREAT,Low,178.235.152.14,192.168.0.127,0.09
12:47:52,NEW_THREAT,Low,178.235.152.14,192.168.0.127,0.09
12:47:52,NEW_THREAT,Low,192.168.0.127,178.235.152.14,0.09
12:47:53,NEW_THREAT,Low,178.235.152.14,192.168.0.127,0.09
12:47:53,NEW_THREAT,Low,178.235.152.14,192.168.0.127,0.09
12:47:53,NEW_THREAT,Low,178.235.152.14,192.168.0.127,0.09
12:47:53,NEW_THREAT,Low,178.235.152.14,192.168.0.127,0.09
12:47:53,NEW_THREAT,Low,178.235.152.14,192.168.0.127,0.09
12:47:53,NEW_THREAT,Low,192.168.0.127,178.235.152.14,0.09
12:47:53,NEW_THREAT,Low,178.235.152.14,192.168.0.127,0.09
12:47:54,NEW_THREAT,Low,178.235.152.14,192.168.0.127,0.09
12:47:54,NEW_THREAT,Low,178.235.152.14,192.168.0.127,0.09
12:47:54,NEW_THREAT,Low,192.168.0.127,178.235.152.14,0.09
12:47:54,NEW_THREAT,Low,178.235.152.14,192.168.0.127,0.09
12:47:54,NEW_THREAT,Low,178.235.152.14,192.168.0.127,0.09
12:47:54,NEW_THREAT,Low,178.235.152.14,192.168.0.127,0.09
12:47:54,NEW_THREAT,Low,192.168.0.127,178.235.152.14,0.09
12:47:54,NEW_THREAT,Low,178.235.152.14,192.168.0.127,0.09
12:47:55,NEW_THREAT,Low,178.235.152.14,192.168.0.127,0.09
12:47:55,NEW_THREAT,Low,178.235.152.14,192.168.0.127,0.09
12:47:55,NEW_THREAT,Low,192.168.0.127,178.235.152.14,0.09
12:47:55,NEW_THREAT,Low,178.235.152.14,192.168.0.127,0.09
12:47:55,NEW_THREAT,Low,178.235.152.14,192.168.0.127,0.09
12:47:56,NEW_THREAT,Low,178.235.152.14,192.168.0.127,0.09
12:47:56,NEW_THREAT,Low,192.168.0.127,224.0.0.22,0.09
12:47:56,NEW_THREAT,Low,192.168.0.238,224.0.0.22,0.09
12:47:56,NEW_THREAT,Low,192.168.0.127,140.82.112.22,0.09
12:47:56,NEW_THREAT,Low,140.82.112.22,192.168.0.127,0.09
12:47:57,NEW_THREAT,Low,13.107.253.44,192.168.0.127,0.09
12:47:57,NEW_THREAT,Low,192.168.0.127,13.107.253.44,0.09
12:47:57,NEW_THREAT,Low,13.107.253.44,192.168.0.127,0.09
12:47:57,NEW_THREAT,Low,13.107.253.44,192.168.0.127,0.09
12:47:57,NEW_THREAT,Low,192.168.0.127,178.235.152.14,0.09
12:47:57,NEW_THREAT,Low,178.235.152.14,192.168.0.127,0.09
12:47:58,NEW_THREAT,Low,178.235.152.14,192.168.0.127,0.09
12:47:58,NEW_THREAT,Low,178.235.152.14,192.168.0.127,0.09
12:47:58,NEW_THREAT,Low,178.235.152.14,192.168.0.127,0.09
12:47:58,NEW_THREAT,Low,178.235.152.14,192.168.0.127,0.09
12:47:58,NEW_THREAT,Low,178.235.152.14,192.168.0.127,0.09
12:47:59,NEW_THREAT,Low,178.235.152.14,192.168.0.127,0.09
12:47:59,NEW_THREAT,Low,178.235.152.14,192.168.0.127,0.09
12:47:59,NEW_THREAT,Low,192.168.0.127,178.235.152.14,0.09
12:47:59,NEW_THREAT,Low,192.168.0.127,178.235.152.14,0.09
12:47:59,NEW_THREAT,Low,178.235.152.14,192.168.0.127,0.09
12:47:59,NEW_THREAT,Low,192.168.0.127,178.235.152.14,0.09
12:48:00,NEW_THREAT,Low,178.235.152.14,192.168.0.127,0.09
12:48:00,NEW_THREAT,Low,178.235.152.14,192.168.0.127,0.09
12:48:00,NEW_THREAT,Low,178.235.152.14,192.168.0.127,0.09
12:48:00,NEW_THREAT,Low,178.235.152.14,192.168.0.127,0.09
12:48:00,NEW_THREAT,Low,178.235.152.14,192.168.0.127,0.09
12:48:01,NEW_THREAT,Low,178.235.152.14,192.168.0.127,0.09
12:48:01,NEW_THREAT,Low,178.235.152.14,192.168.0.127,0.09
12:48:01,NEW_THREAT,Low,178.235.152.14,192.168.0.127,0.09
12:48:01,NEW_THREAT,Low,178.235.152.14,192.168.0.127,0.09
12:48:02,NEW_THREAT,Low,178.235.152.14,192.168.0.127,0.09
12:48:02,NEW_THREAT,Low,178.235.152.14,192.168.0.127,0.09
12:48:02,NEW_THREAT,Low,178.235.152.14,192.168.0.127,0.09
12:48:02,NEW_THREAT,Low,178.235.152.14,192.168.0.127,0.09
12:48:02,NEW_THREAT,Low,178.235.152.14,192.168.0.127,0.09
12:48:02,NEW_THREAT,Low,178.235.152.14,192.168.0.127,0.09
12:48:02,NEW_THREAT,Low,178.235.152.14,192.168.0.127,0.09
12:48:03,NEW_THREAT,Low,178.235.152.14,192.168.0.127,0.09
12:48:03,NEW_THREAT,Low,178.235.152.14,192.168.0.127,0.09
12:48:03,NEW_THREAT,Low,178.235.152.14,192.168.0.127,0.09
12:48:03,NEW_THREAT,Low,178.235.152.14,192.168.0.127,0.09
12:48:03,NEW_THREAT,Low,178.235.152.14,192.168.0.127,0.09
12:48:03,NEW_THREAT,Low,20.189.173.23,192.168.0.127,0.09
12:48:04,NEW_THREAT,Low,192.168.0.127,45.140.147.90,0.09
12:48:04,NEW_THREAT,Low,142.250.203.142,192.168.0.127,0.09
12:48:04,NEW_THREAT,Low,178.235.152.14,192.168.0.127,0.09
12:48:04,NEW_THREAT,Low,178.235.152.14,192.168.0.127,0.09
12:48:04,NEW_THREAT,Low,178.235.152.14,192.168.0.127,0.09
12:48:05,NEW_THREAT,Low,178.235.152.14,192.168.0.127,0.09
12:48:05,NEW_THREAT,Low,178.235.152.14,192.168.0.127,0.09
12:48:05,NEW_THREAT,Low,178.235.152.14,192.168.0.127,0.09
12:48:05,NEW_THREAT,Low,178.235.152.14,192.168.0.127,0.09
12:48:05,NEW_THREAT,Low,178.235.152.14,192.168.0.127,0.09
12:48:05,NEW_THREAT,Low,178.235.152.14,192.168.0.127,0.09
12:48:06,NEW_THREAT,Low,178.235.152.14,192.168.0.127,0.09
12:48:06,NEW_THREAT,Low,178.235.152.14,192.168.0.127,0.09
12:48:06,NEW_THREAT,Low,178.235.152.14,192.168.0.127,0.09
12:48:06,NEW_THREAT,Low,178.235.152.14,192.168.0.127,0.09
12:48:06,NEW_THREAT,Low,178.235.152.14,192.168.0.127,0.09
12:48:06,NEW_THREAT,Low,192.168.0.127,45.140.147.90,0.09
12:48:06,NEW_THREAT,Low,192.168.0.127,172.211.123.249,0.09
12:48:07,NEW_THREAT,Low,192.168.0.127,45.140.147.90,0.09
12:48:07,NEW_THREAT,Low,45.140.147.90,192.168.0.127,0.09
12:48:07,NEW_THREAT,Low,45.140.147.90,192.168.0.127,0.09
12:48:07,NEW_THREAT,Low,178.235.152.14,192.168.0.127,0.09
12:48:07,NEW_THREAT,Low,178.235.152.14,192.168.0.127,0.09
12:48:07,NEW_THREAT,Low,192.168.0.127,178.235.152.14,0.09
12:48:07,NEW_THREAT,Low,178.235.152.14,192.168.0.127,0.09
12:48:08,NEW_THREAT,Low,178.235.152.14,192.168.0.127,0.09
12:48:08,NEW_THREAT,Low,178.235.152.14,192.168.0.127,0.09
12:48:08,NEW_THREAT,Low,178.235.152.14,192.168.0.127,0.09
12:48:08,NEW_THREAT,Low,178.235.152.14,192.168.0.127,0.09
12:48:09,NEW_THREAT,Low,178.235.152.14,192.168.0.127,0.09
12:48:09,NEW_THREAT,Low,178.235.152.14,192.168.0.127,0.09
12:48:09,NEW_THREAT,Low,178.235.152.14,192.168.0.127,0.09
12:48:09,NEW_THREAT,Low,178.235.152.14,192.168.0.127,0.09
12:48:09,NEW_THREAT,Low,178.235.152.14,192.168.0.127,0.09
12:48:09,NEW_THREAT,Low,178.235.152.14,192.168.0.127,0.09
12:48:10,NEW_THREAT,Low,178.235.152.14,192.168.0.127,0.09
12:48:10,NEW_THREAT,Low,178.235.152.14,192.168.0.127,0.09
12:48:10,NEW_THREAT,Low,178.235.152.14,192.168.0.127,0.09
12:48:10,NEW_THREAT,Low,178.235.152.14,192.168.0.127,0.09
12:48:10,NEW_THREAT,Low,178.235.152.14,192.168.0.127,0.09
12:48:10,NEW_THREAT,Low,178.235.152.14,192.168.0.127,0.09
12:48:10,NEW_THREAT,Low,178.235.152.14,192.168.0.127,0.09
12:48:10,NEW_THREAT,Low,178.235.152.14,192.168.0.127,0.09
12:48:11,NEW_THREAT,Low,178.235.152.14,192.168.0.127,0.09
12:48:11,NEW_THREAT,Low,178.235.152.14,192.168.0.127,0.09
12:48:11,NEW_THREAT,Low,178.235.152.14,192.168.0.127,0.09
12:48:12,NEW_THREAT,Low,192.168.0.127,178.235.152.14,0.09
12:48:12,NEW_THREAT,Low,178.235.152.14,192.168.0.127,0.09
12:48:12,NEW_THREAT,Low,178.235.152.14,192.168.0.127,0.09
12:48:12,NEW_THREAT,Low,178.235.152.14,192.168.0.127,0.09
12:48:12,NEW_THREAT,Low,178.235.152.14,192.168.0.127,0.09
12:48:12,NEW_THREAT,Low,178.235.152.14,192.168.0.127,0.09
12:48:12,NEW_THREAT,Low,178.235.152.14,192.168.0.127,0.09
12:48:13,NEW_THREAT,Low,178.235.152.14,192.168.0.127,0.09
12:48:13,NEW_THREAT,Low,178.235.152.14,192.168.0.127,0.09
12:48:13,NEW_THREAT,Low,178.235.152.14,192.168.0.127,0.09
12:48:13,NEW_THREAT,Low,178.235.152.14,192.168.0.127,0.09
12:48:13,NEW_THREAT,Low,178.235.152.14,192.168.0.127,0.09
12:48:13,NEW_THREAT,Low,178.235.152.14,192.168.0.127,0.09
12:48:13,NEW_THREAT,Low,178.235.152.14,192.168.0.127,0.09
12:48:14,NEW_THREAT,Low,178.235.152.14,192.168.0.127,0.09
12:48:14,NEW_THREAT,Low,178.235.152.14,192.168.0.127,0.09
12:48:14,NEW_THREAT,Low,178.235.152.14,192.168.0.127,0.09
12:48:14,NEW_THREAT,Low,178.235.152.14,192.168.0.127,0.09
12:48:14,NEW_THREAT,Low,192.168.0.127,178.235.152.14,0.09
12:48:15,NEW_THREAT,Low,178.235.152.14,192.168.0.127,0.09
12:48:15,NEW_THREAT,Low,178.235.152.14,192.168.0.127,0.09
12:48:15,NEW_THREAT,Low,178.235.152.14,192.168.0.127,0.09
12:48:15,NEW_THREAT,Low,178.235.152.14,192.168.0.127,0.09
12:48:15,NEW_THREAT,Low,178.235.152.14,192.168.0.127,0.09
12:48:15,NEW_THREAT,Low,178.235.152.14,192.168.0.127,0.09
12:48:16,NEW_THREAT,Low,178.235.152.14,192.168.0.127,0.09
12:48:16,NEW_THREAT,Low,178.235.152.14,192.168.0.127,0.09
12:48:16,NEW_THREAT,Low,178.235.152.14,192.168.0.127,0.09
12:48:16,NEW_THREAT,Low,178.235.152.14,192.168.0.127,0.09
12:48:16,NEW_THREAT,Low,178.235.152.14,192.168.0.127,0.09
12:48:16,NEW_THREAT,Low,178.235.152.14,192.168.0.127,0.09
12:48:17,NEW_THREAT,Low,178.235.152.14,192.168.0.127,0.09
12:48:17,NEW_THREAT,Low,178.235.152.14,192.168.0.127,0.09
12:48:17,NEW_THREAT,Low,178.235.152.14,192.168.0.127,0.09
12:48:17,NEW_THREAT,Low,178.235.152.14,192.168.0.127,0.09
12:48:17,NEW_THREAT,Low,178.235.152.14,192.168.0.127,0.09
12:48:17,NEW_THREAT,Low,178.235.152.14,192.168.0.127,0.09
12:48:18,NEW_THREAT,Low,178.235.152.14,192.168.0.127,0.09
12:48:18,NEW_THREAT,Low,192.168.0.127,142.250.203.142,0.09
12:48:18,NEW_THREAT,Low,45.140.147.90,192.168.0.127,0.09
12:48:18,NEW_THREAT,Low,192.168.0.127,45.140.147.90,0.09
12:48:18,NEW_THREAT,Low,192.168.0.127,178.235.152.14,0.09
12:48:19,NEW_THREAT,Low,178.235.152.14,192.168.0.127,0.09
12:48:19,NEW_THREAT,Low,178.235.152.14,192.168.0.127,0.09
12:48:19,NEW_THREAT,Low,178.235.152.14,192.168.0.127,0.09
12:48:19,NEW_THREAT,Low,178.235.152.14,192.168.0.127,0.09
12:48:19,NEW_THREAT,Low,178.235.152.14,192.168.0.127,0.09
12:48:19,NEW_THREAT,Low,178.235.152.14,192.168.0.127,0.09
12:48:19,NEW_THREAT,Low,178.235.152.14,192.168.0.127,0.09
12:48:19,NEW_THREAT,Low,192.168.0.127,178.235.152.14,0.09
12:48:20,NEW_THREAT,Low,178.235.152.14,192.168.0.127,0.09
12:48:20,NEW_THREAT,Low,178.235.152.14,192.168.0.127,0.09
12:48:20,NEW_THREAT,Low,178.235.152.14,192.168.0.127,0.09
12:48:20,NEW_THREAT,Low,178.235.152.14,192.168.0.127,0.09
12:48:20,NEW_THREAT,Low,178.235.152.14,192.168.0.127,0.09
12:48:20,NEW_THREAT,Low,178.235.152.14,192.168.0.127,0.09
12:48:21,NEW_THREAT,Low,178.235.152.14,192.168.0.127,0.09
12:48:21,NEW_THREAT,Low,178.235.152.14,192.168.0.127,0.09
12:48:21,NEW_THREAT,Low,178.235.152.14,192.168.0.127,0.09
12:48:21,NEW_THREAT,Low,192.168.0.127,45.140.147.90,0.09
12:48:22,NEW_THREAT,Low,45.140.147.90,192.168.0.127,0.09
12:48:22,NEW_THREAT,Low,45.140.147.90,192.168.0.127,0.09
12:48:22,NEW_THREAT,Low,178.235.152.14,192.168.0.127,0.09
12:48:22,NEW_THREAT,Low,178.235.152.14,192.168.0.127,0.09
12:48:22,NEW_THREAT,Low,178.235.152.14,192.168.0.127,0.09
12:48:22,NEW_THREAT,Low,178.235.152.14,192.168.0.127,0.09
12:48:22,NEW_THREAT,Low,178.235.152.14,192.168.0.127,0.09
12:48:22,NEW_THREAT,Low,178.235.152.14,192.168.0.127,0.09
12:48:23,NEW_THREAT,Low,178.235.152.14,192.168.0.127,0.09
12:48:24,NEW_THREAT,Low,178.235.152.14,192.168.0.127,0.09
12:48:24,NEW_THREAT,Low,178.235.152.14,192.168.0.127,0.09
12:48:24,NEW_THREAT,Low,178.235.152.14,192.168.0.127,0.09
12:48:24,NEW_THREAT,Low,178.235.152.14,192.168.0.127,0.09
12:48:24,NEW_THREAT,Low,178.235.152.14,192.168.0.127,0.09
12:48:24,NEW_THREAT,Low,192.168.0.127,178.235.152.14,0.09
12:48:25,NEW_THREAT,Low,178.235.152.14,192.168.0.127,0.09
12:48:25,NEW_THREAT,Low,192.168.0.127,178.235.152.14,0.09
12:48:25,NEW_THREAT,Low,178.235.152.14,192.168.0.127,0.09
12:48:25,NEW_THREAT,Low,178.235.152.14,192.168.0.127,0.09
12:48:25,NEW_THREAT,Low,178.235.152.14,192.168.0.127,0.09
12:48:25,NEW_THREAT,Low,178.235.152.14,192.168.0.127,0.09
12:48:25,NEW_THREAT,Low,178.235.152.14,192.168.0.127,0.09
12:48:26,NEW_THREAT,Low,178.235.152.14,192.168.0.127,0.09
12:48:26,NEW_THREAT,Low,178.235.152.14,192.168.0.127,0.09
12:48:26,NEW_THREAT,Low,178.235.152.14,192.168.0.127,0.09
12:48:26,NEW_THREAT,Low,178.235.152.14,192.168.0.127,0.09
12:48:26,NEW_THREAT,Low,178.235.152.14,192.168.0.127,0.09
12:48:26,NEW_THREAT,Low,192.168.0.127,178.235.152.14,0.09
12:48:27,NEW_THREAT,Low,178.235.152.14,192.168.0.127,0.09
12:48:27,NEW_THREAT,Low,178.235.152.14,192.168.0.127,0.09
12:48:27,NEW_THREAT,Low,178.235.152.14,192.168.0.127,0.09
12:48:27,NEW_THREAT,Low,178.235.152.14,192.168.0.127,0.09
12:48:27,NEW_THREAT,Low,178.235.152.14,192.168.0.127,0.09
12:48:27,NEW_THREAT,Low,178.235.152.14,192.168.0.127,0.09
12:48:28,NEW_THREAT,Low,178.235.152.14,192.168.0.127,0.09
12:48:28,NEW_THREAT,Low,178.235.152.14,192.168.0.127,0.09
12:48:28,NEW_THREAT,Low,178.235.152.14,192.168.0.127,0.09
12:48:28,NEW_THREAT,Low,178.235.152.14,192.168.0.127,0.09
12:48:28,NEW_THREAT,Low,178.235.152.14,192.168.0.127,0.09
12:48:29,NEW_THREAT,Low,178.235.152.14,192.168.0.127,0.09
12:48:29,NEW_THREAT,Low,192.168.0.127,178.235.152.14,0.09
12:48:29,NEW_THREAT,Low,178.235.152.14,192.168.0.127,0.09
12:48:29,NEW_THREAT,Low,192.168.0.127,178.235.152.14,0.09
12:48:29,NEW_THREAT,Low,178.235.152.14,192.168.0.127,0.09
12:48:30,NEW_THREAT,Low,178.235.152.14,192.168.0.127,0.09
12:48:30,NEW_THREAT,Low,178.235.152.14,192.168.0.127,0.09
12:48:30,NEW_THREAT,Low,178.235.152.14,192.168.0.127,0.09
12:48:30,NEW_THREAT,Low,178.235.152.14,192.168.0.127,0.09
12:48:30,NEW_THREAT,Low,178.235.152.14,192.168.0.127,0.09
12:48:30,NEW_THREAT,Low,178.235.152.14,192.168.0.127,0.09
12:48:31,NEW_THREAT,Low,178.235.152.14,192.168.0.127,0.09
12:48:31,NEW_THREAT,Low,178.235.152.14,192.168.0.127,0.09
12:48:31,NEW_THREAT,Low,178.235.152.14,192.168.0.127,0.09
12:48:31,NEW_THREAT,Low,178.235.152.14,192.168.0.127,0.09
12:48:31,NEW_THREAT,Low,178.235.152.14,192.168.0.127,0.09
12:48:32,NEW_THREAT,Low,178.235.152.14,192.168.0.127,0.09
12:48:32,NEW_THREAT,Low,178.235.152.14,192.168.0.127,0.09
12:48:32,NEW_THREAT,Low,178.235.152.14,192.168.0.127,0.09
12:48:32,NEW_THREAT,Low,192.168.0.127,34.107.243.93,0.09
12:48:32,NEW_THREAT,Low,45.140.147.90,192.168.0.127,0.09
12:48:32,NEW_THREAT,Low,192.168.0.127,172.211.123.249,0.09
12:48:33,NEW_THREAT,Low,178.235.152.14,192.168.0.127,0.09
12:48:33,NEW_THREAT,Low,178.235.152.14,192.168.0.127,0.09
12:48:33,NEW_THREAT,Low,178.235.152.14,192.168.0.127,0.09
12:48:33,NEW_THREAT,Low,178.235.152.14,192.168.0.127,0.09
12:48:33,NEW_THREAT,Low,178.235.152.14,192.168.0.127,0.09
12:48:33,NEW_THREAT,Low,178.235.152.14,192.168.0.127,0.09
12:48:33,NEW_THREAT,Low,178.235.152.14,192.168.0.127,0.09
12:48:34,NEW_THREAT,Low,178.235.152.14,192.168.0.127,0.09
12:48:34,NEW_THREAT,Low,192.168.0.127,178.235.152.14,0.09
12:48:34,NEW_THREAT,Low,178.235.152.14,192.168.0.127,0.09
12:48:34,NEW_THREAT,Low,178.235.152.14,192.168.0.127,0.09
12:48:34,NEW_THREAT,Low,178.235.152.14,192.168.0.127,0.09
12:48:35,NEW_THREAT,Low,178.235.152.14,192.168.0.127,0.09
12:48:35,NEW_THREAT,Low,192.168.0.127,178.235.152.14,0.09
12:48:35,NEW_THREAT,Low,192.168.0.127,178.235.152.14,0.09
12:48:35,NEW_THREAT,Low,178.235.152.14,192.168.0.127,0.09
12:48:35,NEW_THREAT,Low,178.235.152.14,192.168.0.127,0.09
12:48:36,NEW_THREAT,Low,178.235.152.14,192.168.0.127,0.09
12:48:36,NEW_THREAT,Low,178.235.152.14,192.168.0.127,0.09
12:48:36,NEW_THREAT,Low,178.235.152.14,192.168.0.127,0.09
12:48:36,NEW_THREAT,Low,178.235.152.14,192.168.0.127,0.09
12:48:36,NEW_THREAT,Low,178.235.152.14,192.168.0.127,0.09
12:48:36,NEW_THREAT,Low,178.235.152.14,192.168.0.127,0.09
12:48:37,NEW_THREAT,Low,178.235.152.14,192.168.0.127,0.09
12:48:37,NEW_THREAT,Low,178.235.152.14,192.168.0.127,0.09
12:48:37,NEW_THREAT,Low,178.235.152.14,192.168.0.127,0.09
12:48:37,NEW_THREAT,Low,178.235.152.14,192.168.0.127,0.09
12:48:37,NEW_THREAT,Low,178.235.152.14,192.168.0.127,0.09
12:48:37,NEW_THREAT,Low,178.235.152.14,192.168.0.127,0.09
12:48:38,NEW_THREAT,Low,178.235.152.14,192.168.0.127,0.09
12:48:38,NEW_THREAT,Low,178.235.152.14,192.168.0.127,0.09
12:48:38,NEW_THREAT,Low,178.235.152.14,192.168.0.127,0.09
12:48:38,NEW_THREAT,Low,178.235.152.14,192.168.0.127,0.09
12:48:38,NEW_THREAT,Low,178.235.152.14,192.168.0.127,0.09
12:48:39,NEW_THREAT,Low,178.235.152.14,192.168.0.127,0.09
12:48:39,NEW_THREAT,Low,178.235.152.14,192.168.0.127,0.09
12:48:39,NEW_THREAT,Low,178.235.152.14,192.168.0.127,0.09
12:48:39,NEW_THREAT,Low,178.235.152.14,192.168.0.127,0.09
12:48:39,NEW_THREAT,Low,178.235.152.14,192.168.0.127,0.09
12:48:39,NEW_THREAT,Low,178.235.152.14,192.168.0.127,0.09
12:48:39,NEW_THREAT,Low,178.235.152.14,192.168.0.127,0.09
12:48:40,NEW_THREAT,Low,178.235.152.14,192.168.0.127,0.09
12:48:40,NEW_THREAT,Low,178.235.152.14,192.168.0.127,0.09
12:48:40,NEW_THREAT,Low,178.235.152.14,192.168.0.127,0.09
12:48:40,NEW_THREAT,Low,178.235.152.14,192.168.0.127,0.09
12:48:40,NEW_THREAT,Low,178.235.152.14,192.168.0.127,0.09
12:48:40,NEW_THREAT,Low,178.235.152.14,192.168.0.127,0.09
12:48:41,NEW_THREAT,Low,178.235.152.14,192.168.0.127,0.09
12:48:41,NEW_THREAT,Low,192.168.0.127,45.140.147.90,0.09
12:48:41,NEW_THREAT,Low,192.168.0.127,45.140.147.90,0.09
12:48:41,NEW_THREAT,Low,142.250.203.142,192.168.0.127,0.09
12:48:41,NEW_THREAT,Low,192.168.0.127,45.140.147.90,0.09
12:48:42,NEW_THREAT,Low,45.140.147.90,192.168.0.127,0.09
12:48:42,NEW_THREAT,Low,192.168.0.127,45.140.147.90,0.09
12:48:42,NEW_THREAT,Low,192.168.0.1,224.0.0.22,0.09
12:48:43,NEW_THREAT,Low,192.168.0.127,45.140.147.90,0.09
12:48:43,NEW_THREAT,Low,45.140.147.90,192.168.0.127,0.09
12:48:43,NEW_THREAT,Low,192.168.0.127,45.140.147.90,0.09
12:48:43,NEW_THREAT,Low,192.168.0.127,45.140.147.90,0.09
12:48:44,NEW_THREAT,Low,192.168.0.127,224.0.0.22,0.09
12:48:44,NEW_THREAT,Low,192.168.0.245,192.168.0.127,0.09
12:48:45,NEW_THREAT,Low,45.140.147.90,192.168.0.127,0.09
12:48:45,NEW_THREAT,Low,192.168.0.127,45.140.147.90,0.09
12:48:45,NEW_THREAT,Low,192.168.0.238,224.0.0.22,0.09
12:48:45,NEW_THREAT,Low,45.140.147.90,192.168.0.127,0.09
12:48:46,NEW_THREAT,Low,192.168.0.127,45.140.147.90,0.09
12:48:46,NEW_THREAT,Low,178.235.152.14,192.168.0.127,0.09
12:48:46,NEW_THREAT,Low,178.235.152.14,192.168.0.127,0.09
12:48:47,NEW_THREAT,Low,192.168.0.127,178.235.152.14,0.09
12:48:47,NEW_THREAT,Low,178.235.152.14,192.168.0.127,0.09
12:48:47,NEW_THREAT,Low,178.235.152.14,192.168.0.127,0.09
12:48:47,NEW_THREAT,Low,178.235.152.14,192.168.0.127,0.09
12:48:47,NEW_THREAT,Low,178.235.152.14,192.168.0.127,0.09
12:48:48,NEW_THREAT,Low,178.235.152.14,192.168.0.127,0.09
12:48:48,NEW_THREAT,Low,178.235.152.14,192.168.0.127,0.09
12:48:48,NEW_THREAT,Low,178.235.152.14,192.168.0.127,0.09
12:48:48,NEW_THREAT,Low,178.235.152.14,192.168.0.127,0.09
12:48:48,NEW_THREAT,Low,178.235.152.14,192.168.0.127,0.09
12:48:49,NEW_THREAT,Low,178.235.152.14,192.168.0.127,0.09
12:48:49,NEW_THREAT,Low,178.235.152.14,192.168.0.127,0.09
12:48:49,NEW_THREAT,Low,192.168.0.127,178.235.152.14,0.09
12:48:49,NEW_THREAT,Low,178.235.152.14,192.168.0.127,0.09
12:48:49,NEW_THREAT,Low,178.235.152.14,192.168.0.127,0.09
12:48:50,NEW_THREAT,Low,178.235.152.14,192.168.0.127,0.09
12:48:50,NEW_THREAT,Low,178.235.152.14,192.168.0.127,0.09
12:48:50,NEW_THREAT,Low,178.235.152.14,192.168.0.127,0.09
12:48:50,NEW_THREAT,Low,192.168.0.127,178.235.152.14,0.09
12:48:51,NEW_THREAT,Low,178.235.152.14,192.168.0.127,0.09
12:48:51,NEW_THREAT,Low,178.235.152.14,192.168.0.127,0.09
12:48:51,NEW_THREAT,Low,178.235.152.14,192.168.0.127,0.09
12:48:51,NEW_THREAT,Low,178.235.152.14,192.168.0.127,0.09
12:48:51,NEW_THREAT,Low,178.235.152.14,192.168.0.127,0.09
12:48:52,NEW_THREAT,Low,178.235.152.14,192.168.0.127,0.09
12:48:52,NEW_THREAT,Low,178.235.152.14,192.168.0.127,0.09
12:48:52,NEW_THREAT,Low,178.235.152.14,192.168.0.127,0.09
12:48:52,NEW_THREAT,Low,178.235.152.14,192.168.0.127,0.09
12:48:52,NEW_THREAT,Low,178.235.152.14,192.168.0.127,0.09
12:48:52,NEW_THREAT,Low,178.235.152.14,192.168.0.127,0.09
12:48:53,NEW_THREAT,Low,178.235.152.14,192.168.0.127,0.09
12:48:53,NEW_THREAT,Low,178.235.152.14,192.168.0.127,0.09
12:48:53,NEW_THREAT,Low,178.235.152.14,192.168.0.127,0.09
12:48:53,NEW_THREAT,Low,178.235.152.14,192.168.0.127,0.09
12:48:53,NEW_THREAT,Low,178.235.152.14,192.168.0.127,0.09
12:48:54,NEW_THREAT,Low,178.235.152.14,192.168.0.127,0.09
12:48:54,NEW_THREAT,Low,178.235.152.14,192.168.0.127,0.09
12:48:54,NEW_THREAT,Low,178.235.152.14,192.168.0.127,0.09
12:48:54,NEW_THREAT,Low,178.235.152.14,192.168.0.127,0.09
12:48:54,NEW_THREAT,Low,178.235.152.14,192.168.0.127,0.09
12:48:54,NEW_THREAT,Low,178.235.152.14,192.168.0.127,0.09
12:48:55,NEW_THREAT,Low,178.235.152.14,192.168.0.127,0.09
12:48:55,NEW_THREAT,Low,178.235.152.14,192.168.0.127,0.09
12:48:55,NEW_THREAT,Low,178.235.152.14,192.168.0.127,0.09
12:48:55,NEW_THREAT,Low,178.235.152.14,192.168.0.127,0.09
12:48:55,NEW_THREAT,Low,178.235.152.14,192.168.0.127,0.09
12:48:56,NEW_THREAT,Low,178.235.152.14,192.168.0.127,0.09
12:48:56,NEW_THREAT,Low,178.235.152.14,192.168.0.127,0.09
12:48:56,NEW_THREAT,Low,178.235.152.14,192.168.0.127,0.09
12:48:56,NEW_THREAT,Low,178.235.152.14,192.168.0.127,0.09
12:48:56,NEW_THREAT,Low,178.235.152.14,192.168.0.127,0.09
12:48:56,NEW_THREAT,Low,178.235.152.14,192.168.0.127,0.09
12:48:56,NEW_THREAT,Low,178.235.152.14,192.168.0.127,0.09
12:48:57,NEW_THREAT,Low,178.235.152.14,192.168.0.127,0.09
12:48:57,NEW_THREAT,Low,178.235.152.14,192.168.0.127,0.09
12:48:57,NEW_THREAT,Low,178.235.152.14,192.168.0.127,0.09
12:48:57,NEW_THREAT,Low,45.140.147.90,192.168.0.127,0.09
12:48:57,NEW_THREAT,Low,192.168.0.127,45.140.147.90,0.09
12:48:58,NEW_THREAT,Low,192.168.0.127,45.140.147.90,0.09
12:48:58,NEW_THREAT,Low,192.168.0.127,45.140.147.90,0.09
12:48:58,NEW_THREAT,Low,172.211.123.249,192.168.0.127,0.09
12:48:59,NEW_THREAT,Low,192.168.0.127,45.140.147.90,0.09
12:48:59,NEW_THREAT,Low,45.140.147.90,192.168.0.127,0.09
12:48:59,NEW_THREAT,Low,192.168.0.127,45.140.147.90,0.09
12:49:00,NEW_THREAT,Low,192.168.0.127,192.168.0.255,0.09
12:49:00,NEW_THREAT,Low,192.168.0.127,192.168.0.255,0.09
12:49:01,NEW_THREAT,Low,192.168.0.127,45.140.147.90,0.09
12:49:01,NEW_THREAT,Low,45.140.147.90,192.168.0.127,0.09
12:49:01,NEW_THREAT,Low,192.168.0.127,45.140.147.90,0.09
12:49:02,NEW_THREAT,Low,45.140.147.90,192.168.0.127,0.09
12:49:02,NEW_THREAT,Low,192.168.0.127,45.140.147.90,0.09
12:49:03,NEW_THREAT,Low,45.140.147.90,192.168.0.127,0.09
12:49:03,NEW_THREAT,Low,192.168.0.127,45.140.147.90,0.09
12:49:04,NEW_THREAT,Low,192.168.0.127,45.140.147.90,0.09
12:49:04,NEW_THREAT,Low,192.168.0.127,45.140.147.90,0.09
12:49:04,NEW_THREAT,Low,192.168.0.127,13.107.253.44,0.09
12:49:05,NEW_THREAT,Low,45.140.147.90,192.168.0.127,0.09
12:49:05,NEW_THREAT,Low,192.168.0.127,45.140.147.90,0.09
12:49:06,NEW_THREAT,Low,192.168.0.127,45.140.147.90,0.09
12:49:06,NEW_THREAT,Low,192.168.0.127,45.140.147.90,0.09
12:49:07,NEW_THREAT,Low,192.168.0.127,45.140.147.90,0.09
12:49:07,NEW_THREAT,Low,45.140.147.90,192.168.0.127,0.09
12:49:07,NEW_THREAT,Low,192.168.0.127,45.140.147.90,0.09
12:49:08,NEW_THREAT,Low,8.8.8.8,192.168.0.127,0.09
12:49:08,NEW_THREAT,Low,192.168.0.127,45.140.147.90,0.09
12:49:09,NEW_THREAT,Low,45.140.147.90,192.168.0.127,0.09
12:49:09,NEW_THREAT,Low,192.168.0.127,45.140.147.90,0.09
12:49:10,NEW_THREAT,Low,192.168.0.127,45.140.147.90,0.09
12:49:10,NEW_THREAT,Low,192.168.0.127,45.140.147.90,0.09
12:49:11,NEW_THREAT,Low,178.235.152.14,192.168.0.127,0.09
12:49:11,NEW_THREAT,Low,178.235.152.14,192.168.0.127,0.09
12:49:11,NEW_THREAT,Low,178.235.152.14,192.168.0.127,0.09
12:49:11,NEW_THREAT,Low,178.235.152.14,192.168.0.127,0.09
12:49:12,NEW_THREAT,Low,192.168.0.127,178.235.152.14,0.09
12:49:12,NEW_THREAT,Low,192.168.0.127,178.235.152.14,0.09
12:49:12,NEW_THREAT,Low,178.235.152.14,192.168.0.127,0.09
12:49:12,NEW_THREAT,Low,178.235.152.14,192.168.0.127,0.09
12:49:12,NEW_THREAT,Low,178.235.152.14,192.168.0.127,0.09
12:49:13,NEW_THREAT,Low,178.235.152.14,192.168.0.127,0.09
12:49:13,NEW_THREAT,Low,178.235.152.14,192.168.0.127,0.09
12:49:13,NEW_THREAT,Low,178.235.152.14,192.168.0.127,0.09
12:49:13,NEW_THREAT,Low,178.235.152.14,192.168.0.127,0.09
12:49:13,NEW_THREAT,Low,178.235.152.14,192.168.0.127,0.09
12:49:13,NEW_THREAT,Low,178.235.152.14,192.168.0.127,0.09
12:49:13,NEW_THREAT,Low,178.235.152.14,192.168.0.127,0.09
12:49:14,NEW_THREAT,Low,178.235.152.14,192.168.0.127,0.09
12:49:14,NEW_THREAT,Low,178.235.152.14,192.168.0.127,0.09
12:49:14,NEW_THREAT,Low,178.235.152.14,192.168.0.127,0.09
12:49:14,NEW_THREAT,Low,178.235.152.14,192.168.0.127,0.09
12:49:14,NEW_THREAT,Low,178.235.152.14,192.168.0.127,0.09
12:49:14,NEW_THREAT,Low,178.235.152.14,192.168.0.127,0.09
12:49:14,NEW_THREAT,Low,178.235.152.14,192.168.0.127,0.09
12:49:14,NEW_THREAT,Low,192.168.0.127,178.235.152.14,0.09
12:49:15,NEW_THREAT,Low,178.235.152.14,192.168.0.127,0.09
12:49:15,NEW_THREAT,Low,192.168.0.127,178.235.152.14,0.09
12:49:15,NEW_THREAT,Low,178.235.152.14,192.168.0.127,0.09
12:49:15,NEW_THREAT,Low,178.235.152.14,192.168.0.127,0.09
12:49:15,NEW_THREAT,Low,178.235.152.14,192.168.0.127,0.09
12:49:15,NEW_THREAT,Low,178.235.152.14,192.168.0.127,0.09
12:49:16,NEW_THREAT,Low,178.235.152.14,192.168.0.127,0.09
12:49:16,NEW_THREAT,Low,178.235.152.14,192.168.0.127,0.09
12:49:16,NEW_THREAT,Low,178.235.152.14,192.168.0.127,0.09
12:49:16,NEW_THREAT,Low,178.235.152.14,192.168.0.127,0.09
12:49:16,NEW_THREAT,Low,178.235.152.14,192.168.0.127,0.09
12:49:17,NEW_THREAT,Low,178.235.152.14,192.168.0.127,0.09
12:49:17,NEW_THREAT,Low,178.235.152.14,192.168.0.127,0.09
12:49:17,NEW_THREAT,Low,192.168.0.127,178.235.152.14,0.09
12:49:17,NEW_THREAT,Low,178.235.152.14,192.168.0.127,0.09
12:49:17,NEW_THREAT,Low,178.235.152.14,192.168.0.127,0.09
12:49:17,NEW_THREAT,Low,192.168.0.127,178.235.152.14,0.09
12:49:17,NEW_THREAT,Low,178.235.152.14,192.168.0.127,0.09
12:49:17,NEW_THREAT,Low,178.235.152.14,192.168.0.127,0.09
12:49:18,NEW_THREAT,Low,178.235.152.14,192.168.0.127,0.09
12:49:18,NEW_THREAT,Low,178.235.152.14,192.168.0.127,0.09
12:49:18,NEW_THREAT,Low,178.235.152.14,192.168.0.127,0.09
12:49:18,NEW_THREAT,Low,178.235.152.14,192.168.0.127,0.09
12:49:18,NEW_THREAT,Low,178.235.152.14,192.168.0.127,0.09
12:49:18,NEW_THREAT,Low,192.168.0.127,178.235.152.14,0.09
12:49:19,NEW_THREAT,Low,178.235.152.14,192.168.0.127,0.09
12:49:19,NEW_THREAT,Low,178.235.152.14,192.168.0.127,0.09
12:49:19,NEW_THREAT,Low,178.235.152.14,192.168.0.127,0.09
12:49:20,NEW_THREAT,Low,178.235.152.14,192.168.0.127,0.09
12:49:20,NEW_THREAT,Low,178.235.152.14,192.168.0.127,0.09
12:49:20,NEW_THREAT,Low,192.168.0.127,178.235.152.14,0.09
12:49:20,NEW_THREAT,Low,178.235.152.14,192.168.0.127,0.09
12:49:20,NEW_THREAT,Low,178.235.152.14,192.168.0.127,0.09
12:49:20,NEW_THREAT,Low,178.235.152.14,192.168.0.127,0.09
12:49:21,NEW_THREAT,Low,178.235.152.14,192.168.0.127,0.09
12:49:21,NEW_THREAT,Low,178.235.152.14,192.168.0.127,0.09
12:49:21,NEW_THREAT,Low,178.235.152.14,192.168.0.127,0.09
12:49:21,NEW_THREAT,Low,178.235.152.14,192.168.0.127,0.09
12:49:21,NEW_THREAT,Low,178.235.152.14,192.168.0.127,0.09
12:49:21,NEW_THREAT,Low,178.235.152.14,192.168.0.127,0.09
12:49:21,NEW_THREAT,Low,178.235.152.14,192.168.0.127,0.09
12:49:22,NEW_THREAT,Low,178.235.152.14,192.168.0.127,0.09
12:49:22,NEW_THREAT,Low,178.235.152.14,192.168.0.127,0.09
12:49:22,NEW_THREAT,Low,192.168.0.127,178.235.152.14,0.09
12:49:22,NEW_THREAT,Low,178.235.152.14,192.168.0.127,0.09
12:49:22,NEW_THREAT,Low,192.168.0.127,178.235.152.14,0.09
12:49:22,NEW_THREAT,Low,178.235.152.14,192.168.0.127,0.09
12:49:23,NEW_THREAT,Low,192.168.0.127,178.235.152.14,0.09
12:49:24,NEW_THREAT,Low,178.235.152.14,192.168.0.127,0.09
12:49:24,NEW_THREAT,Low,178.235.152.14,192.168.0.127,0.09
12:49:24,NEW_THREAT,Low,178.235.152.14,192.168.0.127,0.09
12:49:24,NEW_THREAT,Low,178.235.152.14,192.168.0.127,0.09
12:49:24,NEW_THREAT,Low,178.235.152.14,192.168.0.127,0.09
